FECHA;DÍA_SEMANA;DEMANDA
1/1/15;jueves;551.814
2/1/15;viernes;1.538.946
3/1/15;sábado;1.150.162
4/1/15;domingo;930.805
5/1/15;lunes;1.651.540
6/1/15;martes;592.810
7/1/15;miércoles;1.651.108
8/1/15;jueves;1.827.301
9/1/15;viernes;1.879.090
10/1/15;sábado;1.145.456
11/1/15;domingo;783.440
12/1/15;lunes;1.882.716
13/1/15;martes;1.893.627
14/1/15;miércoles;1.932.888
15/1/15;jueves;1.974.177
16/1/15;viernes;1.981.317
17/1/15;sábado;1.139.769
18/1/15;domingo;731.424
19/1/15;lunes;1.884.907
20/1/15;martes;1.904.541
21/1/15;miércoles;1.922.739
22/1/15;jueves;1.924.720
23/1/15;viernes;1.955.571
24/1/15;sábado;1.105.949
25/1/15;domingo;765.929
26/1/15;lunes;1.860.529
27/1/15;martes;1.891.529
28/1/15;miércoles;1.954.836
29/1/15;jueves;1.972.760
30/1/15;viernes;1.943.467
31/1/15;sábado;1.270.287
1/2/15;domingo;820.040
2/2/15;lunes;1.897.772
3/2/15;martes;1.942.664
4/2/15;miércoles;1.976.085
5/2/15;jueves;1.978.317
6/2/15;viernes;1.996.054
7/2/15;sábado;1.123.670
8/2/15;domingo;789.916
9/2/15;lunes;1.907.876
10/2/15;martes;1.967.070
11/2/15;miércoles;1.976.167
12/2/15;jueves;2.006.199
13/2/15;viernes;1.954.183
14/2/15;sábado;1.224.936
15/2/15;domingo;813.085
16/2/15;lunes;1.935.536
17/2/15;martes;1.970.729
18/2/15;miércoles;2.007.186
19/2/15;jueves;1.999.452
20/2/15;viernes;2.030.249
21/2/15;sábado;1.139.834
22/2/15;domingo;791.743
23/2/15;lunes;1.922.406
24/2/15;martes;1.971.275
25/2/15;miércoles;1.978.455
26/2/15;jueves;1.996.718
27/2/15;viernes;2.061.668
28/2/15;sábado;1.178.802
1/3/15;domingo;874.269
2/3/15;lunes;1.940.005
3/3/15;martes;1.989.811
4/3/15;miércoles;2.032.560
5/3/15;jueves;2.034.485
6/3/15;viernes;2.070.666
7/3/15;sábado;1.171.371
8/3/15;domingo;850.832
9/3/15;lunes;1.940.951
10/3/15;martes;2.024.352
11/3/15;miércoles;2.017.285
12/3/15;jueves;2.029.901
13/3/15;viernes;2.042.462
14/3/15;sábado;1.171.999
15/3/15;domingo;830.603
16/3/15;lunes;1.943.988
17/3/15;martes;2.009.911
18/3/15;miércoles;2.065.380
19/3/15;jueves;787.515
20/3/15;viernes;1.852.046
21/3/15;sábado;1.125.402
22/3/15;domingo;772.184
23/3/15;lunes;1.961.236
24/3/15;martes;1.973.216
25/3/15;miércoles;2.027.212
26/3/15;jueves;2.036.899
27/3/15;viernes;1.860.100
28/3/15;sábado;1.067.890
29/3/15;domingo;798.520
30/3/15;lunes;1.522.332
31/3/15;martes;1.526.976
1/4/15;miércoles;1.437.877
2/4/15;jueves;778.134
3/4/15;viernes;765.313
4/4/15;sábado;844.782
5/4/15;domingo;782.805
6/4/15;lunes;1.583.837
7/4/15;martes;1.965.710
8/4/15;miércoles;1.999.779
9/4/15;jueves;2.023.060
10/4/15;viernes;2.061.002
11/4/15;sábado;1.188.782
12/4/15;domingo;833.705
13/4/15;lunes;1.964.628
14/4/15;martes;2.041.795
15/4/15;miércoles;2.029.459
16/4/15;jueves;2.032.058
17/4/15;viernes;2.062.434
18/4/15;sábado;1.219.189
19/4/15;domingo;848.985
20/4/15;lunes;1.966.119
21/4/15;martes;2.005.331
22/4/15;miércoles;2.055.017
23/4/15;jueves;2.065.665
24/4/15;viernes;2.057.846
25/4/15;sábado;1.211.055
26/4/15;domingo;870.945
27/4/15;lunes;1.960.289
28/4/15;martes;2.004.084
29/4/15;miércoles;2.039.637
30/4/15;jueves;2.104.880
1/5/15;viernes;882.522
2/5/15;sábado;971.216
3/5/15;domingo;778.074
4/5/15;lunes;1.927.429
5/5/15;martes;1.984.502
6/5/15;miércoles;2.023.313
7/5/15;jueves;2.036.834
8/5/15;viernes;2.091.030
9/5/15;sábado;1.245.605
10/5/15;domingo;926.730
11/5/15;lunes;1.946.744
12/5/15;martes;1.992.859
13/5/15;miércoles;2.054.193
14/5/15;jueves;2.046.599
15/5/15;viernes;1.153.412
16/5/15;sábado;1.075.938
17/5/15;domingo;826.929
18/5/15;lunes;1.919.889
19/5/15;martes;1.977.643
20/5/15;miércoles;1.992.768
21/5/15;jueves;2.011.557
22/5/15;viernes;2.047.054
23/5/15;sábado;1.151.371
24/5/15;domingo;807.846
25/5/15;lunes;1.890.765
26/5/15;martes;1.952.552
27/5/15;miércoles;1.981.834
28/5/15;jueves;1.989.063
29/5/15;viernes;2.001.712
30/5/15;sábado;1.148.096
31/5/15;domingo;878.305
1/6/15;lunes;1.901.754
2/6/15;martes;1.970.774
3/6/15;miércoles;2.000.050
4/6/15;jueves;893.542
5/6/15;viernes;1.731.486
6/6/15;sábado;1.022.632
7/6/15;domingo;790.182
8/6/15;lunes;1.857.255
9/6/15;martes;1.923.424
10/6/15;miércoles;1.923.524
11/6/15;jueves;1.935.614
12/6/15;viernes;1.956.120
13/6/15;sábado;1.131.283
14/6/15;domingo;842.338
15/6/15;lunes;1.852.907
16/6/15;martes;1.878.837
17/6/15;miércoles;1.889.909
18/6/15;jueves;1.891.290
19/6/15;viernes;1.874.425
20/6/15;sábado;1.046.127
21/6/15;domingo;793.807
22/6/15;lunes;1.797.562
23/6/15;martes;1.831.014
24/6/15;miércoles;1.831.640
25/6/15;jueves;1.841.553
26/6/15;viernes;1.824.511
27/6/15;sábado;986.366
28/6/15;domingo;751.843
29/6/15;lunes;1.740.376
30/6/15;martes;1.777.459
1/7/15;miércoles;1.795.051
2/7/15;jueves;1.780.537
3/7/15;viernes;1.775.645
4/7/15;sábado;1.117.930
5/7/15;domingo;762.044
6/7/15;lunes;1.696.480
7/7/15;martes;1.703.598
8/7/15;miércoles;1.713.224
9/7/15;jueves;1.683.506
10/7/15;viernes;1.665.605
11/7/15;sábado;920.392
12/7/15;domingo;706.633
13/7/15;lunes;1.603.330
14/7/15;martes;1.627.054
15/7/15;miércoles;1.631.949
16/7/15;jueves;1.613.456
17/7/15;viernes;1.561.364
18/7/15;sábado;851.378
19/7/15;domingo;677.230
20/7/15;lunes;1.506.628
21/7/15;martes;1.528.997
22/7/15;miércoles;1.535.621
23/7/15;jueves;1.534.705
24/7/15;viernes;1.477.093
25/7/15;sábado;820.265
26/7/15;domingo;645.666
27/7/15;lunes;1.433.331
28/7/15;martes;1.452.090
29/7/15;miércoles;1.466.286
30/7/15;jueves;1.460.318
31/7/15;viernes;1.393.147
1/8/15;sábado;769.881
2/8/15;domingo;609.634
3/8/15;lunes;1.165.769
4/8/15;martes;1.177.906
5/8/15;miércoles;1.174.220
6/8/15;jueves;1.152.504
7/8/15;viernes;1.131.873
8/8/15;sábado;721.451
9/8/15;domingo;581.369
10/8/15;lunes;1.074.852
11/8/15;martes;1.078.639
12/8/15;miércoles;1.081.514
13/8/15;jueves;1.069.083
14/8/15;viernes;1.053.905
15/8/15;sábado;657.797
16/8/15;domingo;567.764
17/8/15;lunes;1.028.269
18/8/15;martes;1.082.739
19/8/15;miércoles;1.065.021
20/8/15;jueves;1.056.605
21/8/15;viernes;1.030.741
22/8/15;sábado;686.711
23/8/15;domingo;558.034
24/8/15;lunes;1.085.215
25/8/15;martes;1.126.517
26/8/15;miércoles;1.151.660
27/8/15;jueves;1.166.591
28/8/15;viernes;1.177.558
29/8/15;sábado;781.069
30/8/15;domingo;618.149
31/8/15;lunes;1.291.588
1/9/15;martes;1.532.972
2/9/15;miércoles;1.600.094
3/9/15;jueves;1.647.166
4/9/15;viernes;1.667.631
5/9/15;sábado;949.714
6/9/15;domingo;747.919
7/9/15;lunes;1.691.300
8/9/15;martes;1.761.476
9/9/15;miércoles;1.782.168
10/9/15;jueves;1.825.763
11/9/15;viernes;1.868.815
12/9/15;sábado;1.061.985
13/9/15;domingo;816.697
14/9/15;lunes;1.766.044
15/9/15;martes;1.830.322
16/9/15;miércoles;1.858.276
17/9/15;jueves;1.865.821
18/9/15;viernes;1.922.227
19/9/15;sábado;1.098.627
20/9/15;domingo;793.254
21/9/15;lunes;1.831.420
22/9/15;martes;1.873.487
23/9/15;miércoles;1.887.785
24/9/15;jueves;1.910.074
25/9/15;viernes;1.954.484
26/9/15;sábado;1.107.694
27/9/15;domingo;798.336
28/9/15;lunes;1.871.155
29/9/15;martes;1.919.525
30/9/15;miércoles;1.955.724
1/10/15;jueves;2.030.172
2/10/15;viernes;2.089.080
3/10/15;sábado;1.183.376
4/10/15;domingo;883.901
5/10/15;lunes;2.018.219
6/10/15;martes;2.050.152
7/10/15;miércoles;2.079.160
8/10/15;jueves;2.096.358
9/10/15;viernes;2.080.348
10/10/15;sábado;1.149.521
11/10/15;domingo;913.273
12/10/15;lunes;888.462
13/10/15;martes;2.040.291
14/10/15;miércoles;2.098.670
15/10/15;jueves;2.129.849
16/10/15;viernes;2.183.358
17/10/15;sábado;1.258.385
18/10/15;domingo;843.705
19/10/15;lunes;2.044.469
20/10/15;martes;2.079.094
21/10/15;miércoles;2.116.929
22/10/15;jueves;2.105.987
23/10/15;viernes;2.158.356
24/10/15;sábado;1.256.207
25/10/15;domingo;926.677
26/10/15;lunes;2.053.947
27/10/15;martes;2.109.040
28/10/15;miércoles;2.134.721
29/10/15;jueves;2.135.868
30/10/15;viernes;2.189.416
31/10/15;sábado;1.280.418
1/11/15;domingo;895.841
2/11/15;lunes;1.936.987
3/11/15;martes;2.137.825
4/11/15;miércoles;2.135.275
5/11/15;jueves;2.142.017
6/11/15;viernes;2.116.325
7/11/15;sábado;1.203.462
8/11/15;domingo;907.305
9/11/15;lunes;959.907
10/11/15;martes;2.064.448
11/11/15;miércoles;2.101.554
12/11/15;jueves;2.126.389
13/11/15;viernes;2.226.096
14/11/15;sábado;1.231.188
15/11/15;domingo;888.300
16/11/15;lunes;2.018.853
17/11/15;martes;2.061.233
18/11/15;miércoles;2.062.411
19/11/15;jueves;2.087.839
20/11/15;viernes;2.148.421
21/11/15;sábado;1.225.829
22/11/15;domingo;865.139
23/11/15;lunes;2.020.466
24/11/15;martes;2.063.251
25/11/15;miércoles;2.111.780
26/11/15;jueves;2.123.788
27/11/15;viernes;2.272.170
28/11/15;sábado;1.360.405
29/11/15;domingo;936.088
30/11/15;lunes;2.031.788
1/12/15;martes;2.070.873
2/12/15;miércoles;2.127.225
3/12/15;jueves;2.166.100
4/12/15;viernes;2.187.435
5/12/15;sábado;1.360.169
6/12/15;domingo;1.122.745
7/12/15;lunes;1.752.892
8/12/15;martes;956.365
9/12/15;miércoles;2.069.567
10/12/15;jueves;2.106.433
11/12/15;viernes;2.220.978
12/12/15;sábado;1.390.754
13/12/15;domingo;991.228
14/12/15;lunes;2.029.301
15/12/15;martes;2.085.480
16/12/15;miércoles;2.128.791
17/12/15;jueves;2.166.102
18/12/15;viernes;2.236.353
19/12/15;sábado;1.412.997
20/12/15;domingo;998.115
21/12/15;lunes;1.984.709
22/12/15;martes;2.000.203
23/12/15;miércoles;1.826.591
24/12/15;jueves;900.461
25/12/15;viernes;506.284
26/12/15;sábado;1.120.088
27/12/15;domingo;937.755
28/12/15;lunes;1.650.411
29/12/15;martes;1.713.778
30/12/15;miércoles;1.716.698
31/12/15;jueves;1.051.559
1/1/16;viernes;553.616
2/1/16;sábado;1.121.468
3/1/16;domingo;874.931
4/1/16;lunes;1.660.447
5/1/16;martes;1.725.975
6/1/16;miércoles;623.749
7/1/16;jueves;1.633.806
8/1/16;viernes;1.836.062
9/1/16;sábado;1.177.017
10/1/16;domingo;790.207
11/1/16;lunes;1.935.056
12/1/16;martes;1.950.528
13/1/16;miércoles;1.992.603
14/1/16;jueves;1.997.005
15/1/16;viernes;2.079.854
16/1/16;sábado;1.212.909
17/1/16;domingo;855.177
18/1/16;lunes;1.951.051
19/1/16;martes;1.985.905
20/1/16;miércoles;2.029.201
21/1/16;jueves;2.053.767
22/1/16;viernes;2.107.123
23/1/16;sábado;1.237.676
24/1/16;domingo;899.099
25/1/16;lunes;1.932.961
26/1/16;martes;1.991.215
27/1/16;miércoles;2.026.167
28/1/16;jueves;2.045.723
29/1/16;viernes;2.014.663
30/1/16;sábado;1.221.743
31/1/16;domingo;887.358
1/2/16;lunes;1.977.065
2/2/16;martes;2.012.181
3/2/16;miércoles;2.061.611
4/2/16;jueves;2.066.052
5/2/16;viernes;2.123.704
6/2/16;sábado;1.243.904
7/2/16;domingo;881.880
8/2/16;lunes;1.872.314
9/2/16;martes;2.016.467
10/2/16;miércoles;2.042.804
11/2/16;jueves;2.066.630
12/2/16;viernes;2.119.526
13/2/16;sábado;1.267.683
14/2/16;domingo;885.345
15/2/16;lunes;2.000.565
16/2/16;martes;2.030.859
17/2/16;miércoles;2.064.409
18/2/16;jueves;2.074.237
19/2/16;viernes;2.130.778
20/2/16;sábado;1.232.872
21/2/16;domingo;888.522
22/2/16;lunes;1.976.746
23/2/16;martes;2.029.930
24/2/16;miércoles;2.089.465
25/2/16;jueves;2.087.722
26/2/16;viernes;2.166.632
27/2/16;sábado;1.289.119
28/2/16;domingo;872.598
29/2/16;lunes;2.004.433
1/3/16;martes;2.042.656
2/3/16;miércoles;2.069.721
3/3/16;jueves;2.084.405
4/3/16;viernes;2.154.316
5/3/16;sábado;1.275.265
6/3/16;domingo;869.281
7/3/16;lunes;1.985.014
8/3/16;martes;2.078.215
9/3/16;miércoles;2.057.939
10/3/16;jueves;2.088.196
11/3/16;viernes;2.138.363
12/3/16;sábado;1.277.207
13/3/16;domingo;902.267
14/3/16;lunes;1.988.587
15/3/16;martes;2.055.621
16/3/16;miércoles;2.068.961
17/3/16;jueves;2.110.292
18/3/16;viernes;1.915.082
19/3/16;sábado;1.031.448
20/3/16;domingo;829.098
21/3/16;lunes;1.544.848
22/3/16;martes;1.507.179
23/3/16;miércoles;1.427.143
24/3/16;jueves;790.849
25/3/16;viernes;764.730
26/3/16;sábado;853.073
27/3/16;domingo;745.535
28/3/16;lunes;1.588.158
29/3/16;martes;1.828.556
30/3/16;miércoles;1.983.126
31/3/16;jueves;2.039.722
1/4/16;viernes;2.122.968
2/4/16;sábado;1.220.000
3/4/16;domingo;838.484
4/4/16;lunes;2.025.829
5/4/16;martes;2.053.419
6/4/16;miércoles;2.072.624
7/4/16;jueves;2.097.226
8/4/16;viernes;2.155.337
9/4/16;sábado;1.262.285
10/4/16;domingo;896.540
11/4/16;lunes;2.018.026
12/4/16;martes;2.101.285
13/4/16;miércoles;2.090.694
14/4/16;jueves;2.073.026
15/4/16;viernes;2.145.323
16/4/16;sábado;1.159.105
17/4/16;domingo;924.978
18/4/16;lunes;1.983.609
19/4/16;martes;2.033.779
20/4/16;miércoles;2.100.164
21/4/16;jueves;2.089.890
22/4/16;viernes;2.137.949
23/4/16;sábado;1.257.242
24/4/16;domingo;1.011.949
25/4/16;lunes;2.003.069
26/4/16;martes;2.035.463
27/4/16;miércoles;2.080.429
28/4/16;jueves;2.085.076
29/4/16;viernes;2.053.114
30/4/16;sábado;1.137.216
1/5/16;domingo;865.280
2/5/16;lunes;843.694
3/5/16;martes;1.998.421
4/5/16;miércoles;2.111.528
5/5/16;jueves;2.090.778
6/5/16;viernes;2.161.235
7/5/16;sábado;1.231.546
8/5/16;domingo;842.342
9/5/16;lunes;2.014.048
10/5/16;martes;2.051.636
11/5/16;miércoles;2.086.503
12/5/16;jueves;2.076.531
13/5/16;viernes;2.104.313
14/5/16;sábado;1.235.020
15/5/16;domingo;1.066.352
16/5/16;lunes;956.972
17/5/16;martes;1.991.236
18/5/16;miércoles;2.040.364
19/5/16;jueves;2.058.839
20/5/16;viernes;2.101.779
21/5/16;sábado;1.108.150
22/5/16;domingo;830.832
23/5/16;lunes;1.862.155
24/5/16;martes;1.972.464
25/5/16;miércoles;2.014.561
26/5/16;jueves;2.031.013
27/5/16;viernes;2.076.769
28/5/16;sábado;1.216.747
29/5/16;domingo;916.091
30/5/16;lunes;1.917.008
31/5/16;martes;1.967.721
1/6/16;miércoles;1.994.088
2/6/16;jueves;2.014.962
3/6/16;viernes;2.042.323
4/6/16;sábado;1.190.015
5/6/16;domingo;962.338
6/6/16;lunes;1.892.611
7/6/16;martes;1.962.060
8/6/16;miércoles;1.991.022
9/6/16;jueves;2.022.128
10/6/16;viernes;2.024.328
11/6/16;sábado;1.152.697
12/6/16;domingo;865.722
13/6/16;lunes;1.790.581
14/6/16;martes;1.805.780
15/6/16;miércoles;1.849.625
16/6/16;jueves;1.852.475
17/6/16;viernes;1.848.130
18/6/16;sábado;1.094.416
19/6/16;domingo;826.443
20/6/16;lunes;1.801.052
21/6/16;martes;1.835.860
22/6/16;miércoles;1.845.578
23/6/16;jueves;1.838.161
24/6/16;viernes;1.839.190
25/6/16;sábado;1.038.913
26/6/16;domingo;805.887
27/6/16;lunes;1.761.750
28/6/16;martes;1.828.014
29/6/16;miércoles;1.888.214
30/6/16;jueves;1.869.167
1/7/16;viernes;1.835.531
2/7/16;sábado;1.164.075
3/7/16;domingo;799.732
4/7/16;lunes;1.665.156
5/7/16;martes;1.700.341
6/7/16;miércoles;1.712.283
7/7/16;jueves;1.681.542
8/7/16;viernes;1.648.883
9/7/16;sábado;906.530
10/7/16;domingo;711.074
11/7/16;lunes;1.601.658
12/7/16;martes;1.627.441
13/7/16;miércoles;1.666.878
14/7/16;jueves;1.648.936
15/7/16;viernes;1.594.937
16/7/16;sábado;874.004
17/7/16;domingo;697.616
18/7/16;lunes;1.520.194
19/7/16;martes;1.540.175
20/7/16;miércoles;1.552.010
21/7/16;jueves;1.534.159
22/7/16;viernes;1.476.099
23/7/16;sábado;802.889
24/7/16;domingo;639.789
25/7/16;lunes;680.396
26/7/16;martes;1.467.433
27/7/16;miércoles;1.487.229
28/7/16;jueves;1.488.585
29/7/16;viernes;1.426.997
30/7/16;sábado;810.664
31/7/16;domingo;653.974
1/8/16;lunes;1.207.237
2/8/16;martes;1.238.116
3/8/16;miércoles;1.235.527
4/8/16;jueves;1.210.180
5/8/16;viernes;1.189.881
6/8/16;sábado;722.032
7/8/16;domingo;597.801
8/8/16;lunes;1.102.071
9/8/16;martes;1.106.325
10/8/16;miércoles;1.141.506
11/8/16;jueves;1.112.388
12/8/16;viernes;1.087.071
13/8/16;sábado;691.900
14/8/16;domingo;583.511
15/8/16;lunes;597.073
16/8/16;martes;1.067.921
17/8/16;miércoles;1.077.875
18/8/16;jueves;1.082.814
19/8/16;viernes;1.073.968
20/8/16;sábado;683.272
21/8/16;domingo;583.089
22/8/16;lunes;1.101.348
23/8/16;martes;1.133.570
24/8/16;miércoles;1.160.212
25/8/16;jueves;1.163.099
26/8/16;viernes;1.173.460
27/8/16;sábado;777.379
28/8/16;domingo;631.756
29/8/16;lunes;1.237.160
30/8/16;martes;1.305.497
31/8/16;miércoles;1.374.325
1/9/16;jueves;1.534.491
2/9/16;viernes;1.566.870
3/9/16;sábado;917.001
4/9/16;domingo;751.372
5/9/16;lunes;1.671.094
6/9/16;martes;1.726.487
7/9/16;miércoles;1.762.172
8/9/16;jueves;1.796.629
9/9/16;viernes;1.814.686
10/9/16;sábado;1.083.912
11/9/16;domingo;856.498
12/9/16;lunes;1.802.318
13/9/16;martes;1.852.038
14/9/16;miércoles;1.897.886
15/9/16;jueves;1.901.916
16/9/16;viernes;1.927.931
17/9/16;sábado;1.099.468
18/9/16;domingo;816.977
19/9/16;lunes;1.857.033
20/9/16;martes;1.905.258
21/9/16;miércoles;1.953.497
22/9/16;jueves;1.958.484
23/9/16;viernes;1.997.272
24/9/16;sábado;1.130.895
25/9/16;domingo;844.496
26/9/16;lunes;1.906.459
27/9/16;martes;1.968.551
28/9/16;miércoles;2.027.464
29/9/16;jueves;2.017.543
30/9/16;viernes;2.088.514
1/10/16;sábado;1.245.935
2/10/16;domingo;913.222
3/10/16;lunes;2.013.871
4/10/16;martes;2.062.202
5/10/16;miércoles;2.105.929
6/10/16;jueves;2.114.329
7/10/16;viernes;2.161.967
8/10/16;sábado;1.221.040
9/10/16;domingo;870.601
10/10/16;lunes;2.013.116
11/10/16;martes;2.155.528
12/10/16;miércoles;879.967
13/10/16;jueves;2.087.628
14/10/16;viernes;2.144.540
15/10/16;sábado;1.228.172
16/10/16;domingo;868.431
17/10/16;lunes;2.037.271
18/10/16;martes;2.103.788
19/10/16;miércoles;2.112.449
20/10/16;jueves;2.117.596
21/10/16;viernes;2.152.681
22/10/16;sábado;1.135.828
23/10/16;domingo;842.700
24/10/16;lunes;2.040.161
25/10/16;martes;2.096.634
26/10/16;miércoles;2.117.980
27/10/16;jueves;2.115.138
28/10/16;viernes;2.144.403
29/10/16;sábado;1.224.420
30/10/16;domingo;943.849
31/10/16;lunes;1.773.278
1/11/16;martes;857.213
2/11/16;miércoles;2.079.544
3/11/16;jueves;2.105.141
4/11/16;viernes;2.178.757
5/11/16;sábado;1.143.045
6/11/16;domingo;919.209
7/11/16;lunes;2.044.446
8/11/16;martes;2.152.689
9/11/16;miércoles;1.034.465
10/11/16;jueves;2.114.955
11/11/16;viernes;2.156.045
12/11/16;sábado;1.209.202
13/11/16;domingo;929.394
14/11/16;lunes;2.073.506
15/11/16;martes;2.132.031
16/11/16;miércoles;2.160.843
17/11/16;jueves;2.176.481
18/11/16;viernes;2.245.806
19/11/16;sábado;1.310.574
20/11/16;domingo;859.572
21/11/16;lunes;2.096.447
22/11/16;martes;2.133.251
23/11/16;miércoles;2.204.299
24/11/16;jueves;2.198.240
25/11/16;viernes;2.400.163
26/11/16;sábado;1.344.218
27/11/16;domingo;943.972
28/11/16;lunes;2.097.814
29/11/16;martes;2.151.517
30/11/16;miércoles;2.207.381
1/12/16;jueves;2.204.496
2/12/16;viernes;2.294.117
3/12/16;sábado;1.440.885
4/12/16;domingo;914.458
5/12/16;lunes;2.117.364
6/12/16;martes;1.174.616
7/12/16;miércoles;2.151.753
8/12/16;jueves;1.214.605
9/12/16;viernes;1.900.868
10/12/16;sábado;1.389.900
11/12/16;domingo;978.970
12/12/16;lunes;2.109.560
13/12/16;martes;2.179.678
14/12/16;miércoles;2.212.635
15/12/16;jueves;2.231.429
16/12/16;viernes;2.356.612
17/12/16;sábado;1.567.597
18/12/16;domingo;1.119.072
19/12/16;lunes;2.155.477
20/12/16;martes;2.219.324
21/12/16;miércoles;2.265.202
22/12/16;jueves;2.214.078
23/12/16;viernes;1.902.736
24/12/16;sábado;737.763
25/12/16;domingo;551.314
26/12/16;lunes;1.018.343
27/12/16;martes;1.763.405
28/12/16;miércoles;1.858.372
29/12/16;jueves;1.920.335
30/12/16;viernes;1.784.589
31/12/16;sábado;946.322
1/1/17;domingo;621.553
2/1/17;lunes;1.597.351
3/1/17;martes;1.751.080
4/1/17;miércoles;1.844.664
5/1/17;jueves;1.807.169
6/1/17;viernes;738.167
7/1/17;sábado;1.191.545
8/1/17;domingo;882.575
9/1/17;lunes;1.983.889
10/1/17;martes;2.028.669
11/1/17;miércoles;2.067.441
12/1/17;jueves;2.070.392
13/1/17;viernes;2.161.850
14/1/17;sábado;1.286.005
15/1/17;domingo;868.529
16/1/17;lunes;2.023.284
17/1/17;martes;2.068.435
18/1/17;miércoles;2.135.549
19/1/17;jueves;2.124.265
20/1/17;viernes;2.178.277
21/1/17;sábado;1.326.639
22/1/17;domingo;907.479
23/1/17;lunes;2.024.695
24/1/17;martes;2.071.268
25/1/17;miércoles;2.103.831
26/1/17;jueves;2.117.424
27/1/17;viernes;2.109.544
28/1/17;sábado;1.284.488
29/1/17;domingo;892.480
30/1/17;lunes;2.013.707
31/1/17;martes;2.084.693
1/2/17;miércoles;2.143.184
2/2/17;jueves;2.154.693
3/2/17;viernes;2.233.543
4/2/17;sábado;1.274.366
5/2/17;domingo;907.976
6/2/17;lunes;2.066.311
7/2/17;martes;2.125.625
8/2/17;miércoles;2.165.440
9/2/17;jueves;2.180.415
10/2/17;viernes;2.261.102
11/2/17;sábado;1.277.757
12/2/17;domingo;882.400
13/2/17;lunes;2.103.324
14/2/17;martes;2.186.883
15/2/17;miércoles;2.223.254
16/2/17;jueves;2.222.953
17/2/17;viernes;2.164.554
18/2/17;sábado;1.334.277
19/2/17;domingo;967.396
20/2/17;lunes;2.096.746
21/2/17;martes;2.150.336
22/2/17;miércoles;2.171.081
23/2/17;jueves;2.180.030
24/2/17;viernes;2.119.557
25/2/17;sábado;1.391.930
26/2/17;domingo;1.003.845
27/2/17;lunes;2.065.367
28/2/17;martes;2.161.133
1/3/17;miércoles;2.220.590
2/3/17;jueves;2.212.574
3/3/17;viernes;2.224.710
4/3/17;sábado;1.305.408
5/3/17;domingo;921.685
6/3/17;lunes;2.083.501
7/3/17;martes;2.136.882
8/3/17;miércoles;2.218.681
9/3/17;jueves;2.156.180
10/3/17;viernes;2.240.766
11/3/17;sábado;1.363.644
12/3/17;domingo;1.008.470
13/3/17;lunes;2.081.634
14/3/17;martes;2.137.561
15/3/17;miércoles;2.197.646
16/3/17;jueves;2.256.653
17/3/17;viernes;2.062.817
18/3/17;sábado;1.164.085
19/3/17;domingo;913.334
20/3/17;lunes;868.171
21/3/17;martes;2.110.613
22/3/17;miércoles;2.172.944
23/3/17;jueves;2.176.697
24/3/17;viernes;2.219.164
25/3/17;sábado;1.284.784
26/3/17;domingo;885.792
27/3/17;lunes;2.081.063
28/3/17;martes;2.143.114
29/3/17;miércoles;2.180.607
30/3/17;jueves;2.199.496
31/3/17;viernes;2.281.381
1/4/17;sábado;1.374.070
2/4/17;domingo;1.070.209
3/4/17;lunes;2.120.259
4/4/17;martes;2.189.466
5/4/17;miércoles;2.213.873
6/4/17;jueves;2.257.351
7/4/17;viernes;2.066.469
8/4/17;sábado;1.246.018
9/4/17;domingo;946.647
10/4/17;lunes;1.635.758
11/4/17;martes;1.640.865
12/4/17;miércoles;1.567.273
13/4/17;jueves;875.519
14/4/17;viernes;862.663
15/4/17;sábado;934.833
16/4/17;domingo;833.561
17/4/17;lunes;1.689.144
18/4/17;martes;2.130.200
19/4/17;miércoles;2.176.147
20/4/17;jueves;2.201.379
21/4/17;viernes;2.288.116
22/4/17;sábado;1.357.920
23/4/17;domingo;1.175.339
24/4/17;lunes;2.135.084
25/4/17;martes;2.199.835
26/4/17;miércoles;2.217.925
27/4/17;jueves;2.276.522
28/4/17;viernes;2.181.776
29/4/17;sábado;1.133.054
30/4/17;domingo;919.855
1/5/17;lunes;883.792
2/5/17;martes;937.536
3/5/17;miércoles;2.128.117
4/5/17;jueves;2.166.961
5/5/17;viernes;2.240.680
6/5/17;sábado;1.324.274
7/5/17;domingo;1.000.790
8/5/17;lunes;2.114.210
9/5/17;martes;2.170.282
10/5/17;miércoles;2.219.407
11/5/17;jueves;2.208.030
12/5/17;viernes;2.221.043
13/5/17;sábado;1.327.654
14/5/17;domingo;1.101.774
15/5/17;lunes;1.081.135
16/5/17;martes;2.116.046
17/5/17;miércoles;2.172.679
18/5/17;jueves;2.185.377
19/5/17;viernes;2.242.043
20/5/17;sábado;1.307.273
21/5/17;domingo;952.170
22/5/17;lunes;2.083.495
23/5/17;martes;2.129.896
24/5/17;miércoles;2.170.994
25/5/17;jueves;2.187.674
26/5/17;viernes;2.219.735
27/5/17;sábado;1.303.494
28/5/17;domingo;954.524
29/5/17;lunes;2.064.690
30/5/17;martes;2.169.446
31/5/17;miércoles;2.162.292
1/6/17;jueves;2.163.885
2/6/17;viernes;2.216.045
3/6/17;sábado;1.348.058
4/6/17;domingo;1.077.999
5/6/17;lunes;2.063.665
6/6/17;martes;2.137.737
7/6/17;miércoles;2.145.763
8/6/17;jueves;2.175.376
9/6/17;viernes;2.179.768
10/6/17;sábado;1.264.014
11/6/17;domingo;972.224
12/6/17;lunes;2.031.891
13/6/17;martes;2.079.442
14/6/17;miércoles;2.103.006
15/6/17;jueves;2.107.238
16/6/17;viernes;2.104.764
17/6/17;sábado;1.188.924
18/6/17;domingo;883.814
19/6/17;lunes;1.994.425
20/6/17;martes;2.038.695
21/6/17;miércoles;2.082.851
22/6/17;jueves;2.099.533
23/6/17;viernes;2.046.466
24/6/17;sábado;1.210.746
25/6/17;domingo;905.795
26/6/17;lunes;1.961.779
27/6/17;martes;1.997.910
28/6/17;miércoles;2.019.629
29/6/17;jueves;2.008.314
30/6/17;viernes;2.020.584
1/7/17;sábado;1.371.812
2/7/17;domingo;939.714
3/7/17;lunes;1.885.400
4/7/17;martes;1.902.191
5/7/17;miércoles;1.919.797
6/7/17;jueves;1.844.256
7/7/17;viernes;1.807.623
8/7/17;sábado;1.053.378
9/7/17;domingo;845.969
10/7/17;lunes;1.793.666
11/7/17;martes;1.824.801
12/7/17;miércoles;1.852.458
13/7/17;jueves;1.830.260
14/7/17;viernes;1.784.484
15/7/17;sábado;999.378
16/7/17;domingo;816.001
17/7/17;lunes;1.680.149
18/7/17;martes;1.719.014
19/7/17;miércoles;1.740.279
20/7/17;jueves;1.719.987
21/7/17;viernes;1.668.376
22/7/17;sábado;937.834
23/7/17;domingo;752.571
24/7/17;lunes;1.587.584
25/7/17;martes;1.635.568
26/7/17;miércoles;1.662.704
27/7/17;jueves;1.701.472
28/7/17;viernes;1.612.483
29/7/17;sábado;910.675
30/7/17;domingo;733.032
31/7/17;lunes;1.465.275
1/8/17;martes;1.415.554
2/8/17;miércoles;1.417.677
3/8/17;jueves;1.390.901
4/8/17;viernes;1.356.940
5/8/17;sábado;820.539
6/8/17;domingo;669.881
7/8/17;lunes;1.243.549
8/8/17;martes;1.261.258
9/8/17;miércoles;1.280.210
10/8/17;jueves;1.271.919
11/8/17;viernes;1.244.024
12/8/17;sábado;802.148
13/8/17;domingo;655.051
14/8/17;lunes;1.082.983
15/8/17;martes;716.900
16/8/17;miércoles;1.242.526
17/8/17;jueves;1.205.360
18/8/17;viernes;1.173.468
19/8/17;sábado;763.031
20/8/17;domingo;640.132
21/8/17;lunes;1.205.831
22/8/17;martes;1.243.808
23/8/17;miércoles;1.277.102
24/8/17;jueves;1.266.575
25/8/17;viernes;1.279.533
26/8/17;sábado;826.837
27/8/17;domingo;699.118
28/8/17;lunes;1.295.203
29/8/17;martes;1.402.144
30/8/17;miércoles;1.472.916
31/8/17;jueves;1.521.208
1/9/17;viernes;1.655.638
2/9/17;sábado;1.041.685
3/9/17;domingo;822.394
4/9/17;lunes;1.783.578
5/9/17;martes;1.838.341
6/9/17;miércoles;1.897.743
7/9/17;jueves;1.933.734
8/9/17;viernes;1.932.950
9/9/17;sábado;1.177.445
10/9/17;domingo;968.878
11/9/17;lunes;1.962.665
12/9/17;martes;1.988.979
13/9/17;miércoles;2.069.221
14/9/17;jueves;2.054.258
15/9/17;viernes;2.100.813
16/9/17;sábado;1.291.685
17/9/17;domingo;925.575
18/9/17;lunes;2.014.994
19/9/17;martes;2.076.183
20/9/17;miércoles;2.136.850
21/9/17;jueves;2.121.846
22/9/17;viernes;2.181.363
23/9/17;sábado;1.303.727
24/9/17;domingo;938.304
25/9/17;lunes;2.083.161
26/9/17;martes;2.147.269
27/9/17;miércoles;2.235.625
28/9/17;jueves;2.144.576
29/9/17;viernes;2.266.382
30/9/17;sábado;1.344.209
1/10/17;domingo;1.022.905
2/10/17;lunes;2.144.920
3/10/17;martes;2.206.056
4/10/17;miércoles;2.242.827
5/10/17;jueves;2.263.437
6/10/17;viernes;2.333.653
7/10/17;sábado;1.405.510
8/10/17;domingo;980.802
9/10/17;lunes;2.169.102
10/10/17;martes;2.225.700
11/10/17;miércoles;2.342.401
12/10/17;jueves;1.196.586
13/10/17;viernes;1.858.034
14/10/17;sábado;1.300.146
15/10/17;domingo;920.127
16/10/17;lunes;2.177.043
17/10/17;martes;2.299.626
18/10/17;miércoles;2.330.590
19/10/17;jueves;2.315.691
20/10/17;viernes;2.378.816
21/10/17;sábado;1.405.751
22/10/17;domingo;1.022.922
23/10/17;lunes;2.197.027
24/10/17;martes;2.247.640
25/10/17;miércoles;2.309.841
26/10/17;jueves;2.322.656
27/10/17;viernes;2.392.784
28/10/17;sábado;1.461.797
29/10/17;domingo;1.000.539
30/10/17;lunes;2.197.474
31/10/17;martes;2.477.787
1/11/17;miércoles;992.617
2/11/17;jueves;2.237.363
3/11/17;viernes;2.318.918
4/11/17;sábado;1.323.101
5/11/17;domingo;1.005.439
6/11/17;lunes;2.219.131
7/11/17;martes;2.250.868
8/11/17;miércoles;2.366.148
9/11/17;jueves;1.162.915
10/11/17;viernes;2.123.710
11/11/17;sábado;1.303.804
12/11/17;domingo;957.606
13/11/17;lunes;2.196.601
14/11/17;martes;2.254.168
15/11/17;miércoles;2.278.502
16/11/17;jueves;2.305.302
17/11/17;viernes;2.394.102
18/11/17;sábado;1.492.117
19/11/17;domingo;989.204
20/11/17;lunes;2.222.629
21/11/17;martes;2.280.411
22/11/17;miércoles;2.345.235
23/11/17;jueves;2.330.556
24/11/17;viernes;2.496.664
25/11/17;sábado;1.529.868
26/11/17;domingo;1.048.649
27/11/17;lunes;2.216.870
28/11/17;martes;2.286.858
29/11/17;miércoles;2.439.197
30/11/17;jueves;2.351.442
1/12/17;viernes;2.455.018
2/12/17;sábado;1.539.153
3/12/17;domingo;1.062.785
4/12/17;lunes;2.210.726
5/12/17;martes;2.351.792
6/12/17;miércoles;1.266.168
7/12/17;jueves;1.916.820
8/12/17;viernes;1.317.849
9/12/17;sábado;1.396.895
10/12/17;domingo;926.743
11/12/17;lunes;2.195.220
12/12/17;martes;2.277.806
13/12/17;miércoles;2.309.920
14/12/17;jueves;2.335.346
15/12/17;viernes;2.477.189
16/12/17;sábado;1.626.723
17/12/17;domingo;1.139.003
18/12/17;lunes;2.169.397
19/12/17;martes;2.232.272
20/12/17;miércoles;2.288.591
21/12/17;jueves;2.319.904
22/12/17;viernes;2.188.623
23/12/17;sábado;1.278.867
24/12/17;domingo;674.927
25/12/17;lunes;519.058
26/12/17;martes;1.688.925
27/12/17;miércoles;1.817.087
28/12/17;jueves;1.830.415
29/12/17;viernes;1.798.150
30/12/17;sábado;1.250.098
31/12/17;domingo;878.144
1/1/18;lunes;601.739
2/1/18;martes;1.682.320
3/1/18;miércoles;1.836.198
4/1/18;jueves;1.871.745
5/1/18;viernes;1.841.607
6/1/18;sábado;772.025
7/1/18;domingo;888.370
8/1/18;lunes;2.050.926
9/1/18;martes;2.142.160
10/1/18;miércoles;2.161.536
11/1/18;jueves;2.170.137
12/1/18;viernes;2.279.308
13/1/18;sábado;1.329.018
14/1/18;domingo;943.840
15/1/18;lunes;2.117.784
16/1/18;martes;2.165.772
17/1/18;miércoles;2.263.781
18/1/18;jueves;2.237.346
19/1/18;viernes;2.330.158
20/1/18;sábado;1.446.006
21/1/18;domingo;1.016.452
22/1/18;lunes;2.117.808
23/1/18;martes;2.197.272
24/1/18;miércoles;2.230.172
25/1/18;jueves;2.222.431
26/1/18;viernes;2.254.618
27/1/18;sábado;1.377.569
28/1/18;domingo;1.006.106
29/1/18;lunes;2.124.559
30/1/18;martes;2.197.333
31/1/18;miércoles;2.234.340
1/2/18;jueves;2.265.865
2/2/18;viernes;2.344.713
3/2/18;sábado;1.390.233
4/2/18;domingo;933.316
5/2/18;lunes;2.221.531
6/2/18;martes;2.256.902
7/2/18;miércoles;2.287.440
8/2/18;jueves;2.298.271
9/2/18;viernes;2.371.442
10/2/18;sábado;1.444.269
11/2/18;domingo;1.028.734
12/2/18;lunes;2.225.363
13/2/18;martes;2.289.564
14/2/18;miércoles;2.413.856
15/2/18;jueves;2.192.370
16/2/18;viernes;2.196.237
17/2/18;sábado;1.360.123
18/2/18;domingo;1.052.828
19/2/18;lunes;2.188.879
20/2/18;martes;2.257.304
21/2/18;miércoles;2.308.495
22/2/18;jueves;2.369.882
23/2/18;viernes;2.395.537
24/2/18;sábado;1.471.665
25/2/18;domingo;1.030.489
26/2/18;lunes;2.205.003
27/2/18;martes;2.278.315
28/2/18;miércoles;2.354.743
1/3/18;jueves;2.339.224
2/3/18;viernes;2.422.118
3/3/18;sábado;1.411.927
4/3/18;domingo;978.563
5/3/18;lunes;2.237.771
6/3/18;martes;2.285.998
7/3/18;miércoles;2.335.991
8/3/18;jueves;2.376.275
9/3/18;viernes;2.344.245
10/3/18;sábado;1.309.307
11/3/18;domingo;1.000.654
12/3/18;lunes;2.216.977
13/3/18;martes;2.238.629
14/3/18;miércoles;2.322.659
15/3/18;jueves;2.312.451
16/3/18;viernes;2.417.626
17/3/18;sábado;1.455.250
18/3/18;domingo;1.058.825
19/3/18;lunes;2.194.885
20/3/18;martes;2.280.314
21/3/18;miércoles;2.325.940
22/3/18;jueves;2.358.615
23/3/18;viernes;2.129.153
24/3/18;sábado;1.244.877
25/3/18;domingo;918.137
26/3/18;lunes;1.738.231
27/3/18;martes;1.778.229
28/3/18;miércoles;1.656.868
29/3/18;jueves;960.352
30/3/18;viernes;910.094
31/3/18;sábado;1.002.981
1/4/18;domingo;932.802
2/4/18;lunes;1.820.115
3/4/18;martes;2.210.808
4/4/18;miércoles;2.280.485
5/4/18;jueves;2.359.338
6/4/18;viernes;2.403.512
7/4/18;sábado;1.398.728
8/4/18;domingo;1.070.307
9/4/18;lunes;2.242.025
10/4/18;martes;2.312.445
11/4/18;miércoles;2.364.763
12/4/18;jueves;2.357.846
13/4/18;viernes;2.394.687
14/4/18;sábado;1.390.381
15/4/18;domingo;1.060.173
16/4/18;lunes;2.221.082
17/4/18;martes;2.286.598
18/4/18;miércoles;2.348.918
19/4/18;jueves;2.337.482
20/4/18;viernes;2.427.009
21/4/18;sábado;1.484.938
22/4/18;domingo;1.179.775
23/4/18;lunes;2.249.228
24/4/18;martes;2.296.346
25/4/18;miércoles;2.326.610
26/4/18;jueves;2.415.069
27/4/18;viernes;2.315.971
28/4/18;sábado;1.298.071
29/4/18;domingo;939.348
30/4/18;lunes;1.631.201
1/5/18;martes;978.114
2/5/18;miércoles;990.788
3/5/18;jueves;2.261.722
4/5/18;viernes;2.326.250
5/5/18;sábado;1.372.067
6/5/18;domingo;1.070.360
7/5/18;lunes;2.230.970
8/5/18;martes;2.309.531
9/5/18;miércoles;2.334.999
10/5/18;jueves;2.333.322
11/5/18;viernes;2.377.140
12/5/18;sábado;1.405.691
13/5/18;domingo;1.025.857
14/5/18;lunes;2.103.275
15/5/18;martes;1.246.754
16/5/18;miércoles;2.293.766
17/5/18;jueves;2.289.824
18/5/18;viernes;2.361.221
19/5/18;sábado;1.347.791
20/5/18;domingo;1.010.772
21/5/18;lunes;2.170.493
22/5/18;martes;2.217.717
23/5/18;miércoles;2.288.728
24/5/18;jueves;2.271.402
25/5/18;viernes;2.325.727
26/5/18;sábado;1.380.342
27/5/18;domingo;1.090.112
28/5/18;lunes;2.168.656
29/5/18;martes;2.203.092
30/5/18;miércoles;2.246.921
31/5/18;jueves;2.260.567
1/6/18;viernes;2.231.467
2/6/18;sábado;1.307.911
3/6/18;domingo;1.064.964
4/6/18;lunes;2.087.745
5/6/18;martes;2.202.504
6/6/18;miércoles;2.240.158
7/6/18;jueves;2.297.881
8/6/18;viernes;2.213.159
9/6/18;sábado;1.352.432
10/6/18;domingo;991.799
11/6/18;lunes;2.112.509
12/6/18;martes;2.166.549
13/6/18;miércoles;2.218.341
14/6/18;jueves;2.198.877
15/6/18;viernes;2.145.836
16/6/18;sábado;1.237.680
17/6/18;domingo;962.581
18/6/18;lunes;2.076.784
19/6/18;martes;2.134.936
20/6/18;miércoles;2.151.359
21/6/18;jueves;2.168.560
22/6/18;viernes;2.210.100
23/6/18;sábado;1.254.842
24/6/18;domingo;933.932
25/6/18;lunes;2.016.843
26/6/18;martes;2.080.515
27/6/18;miércoles;2.095.813
28/6/18;jueves;2.130.958
29/6/18;viernes;2.146.333
30/6/18;sábado;1.217.450
1/7/18;domingo;937.008
2/7/18;lunes;1.961.611
3/7/18;martes;2.004.756
4/7/18;miércoles;2.045.065
5/7/18;jueves;2.028.752
6/7/18;viernes;1.980.098
7/7/18;sábado;1.294.935
8/7/18;domingo;906.506
9/7/18;lunes;1.851.589
10/7/18;martes;1.893.262
11/7/18;miércoles;1.909.088
12/7/18;jueves;1.947.829
13/7/18;viernes;1.899.647
14/7/18;sábado;1.141.388
15/7/18;domingo;841.172
16/7/18;lunes;1.764.479
17/7/18;martes;1.800.936
18/7/18;miércoles;1.821.780
19/7/18;jueves;1.798.594
20/7/18;viernes;1.735.368
21/7/18;sábado;989.844
22/7/18;domingo;794.481
23/7/18;lunes;1.653.354
24/7/18;martes;1.696.018
25/7/18;miércoles;1.702.266
26/7/18;jueves;1.703.690
27/7/18;viernes;1.660.338
28/7/18;sábado;972.205
29/7/18;domingo;794.771
30/7/18;lunes;1.601.956
31/7/18;martes;1.621.055
1/8/18;miércoles;1.522.474
2/8/18;jueves;1.434.796
3/8/18;viernes;1.376.588
4/8/18;sábado;816.665
5/8/18;domingo;666.965
6/8/18;lunes;1.237.164
7/8/18;martes;1.271.537
8/8/18;miércoles;1.283.765
9/8/18;jueves;1.265.725
10/8/18;viernes;1.240.314
11/8/18;sábado;826.407
12/8/18;domingo;658.000
13/8/18;lunes;1.155.414
14/8/18;martes;1.193.418
15/8/18;miércoles;730.514
16/8/18;jueves;1.138.303
17/8/18;viernes;1.143.069
18/8/18;sábado;762.707
19/8/18;domingo;671.669
20/8/18;lunes;1.182.571
21/8/18;martes;1.214.599
22/8/18;miércoles;1.230.277
23/8/18;jueves;1.230.009
24/8/18;viernes;1.225.423
25/8/18;sábado;815.164
26/8/18;domingo;673.367
27/8/18;lunes;1.278.759
28/8/18;martes;1.332.779
29/8/18;miércoles;1.382.639
30/8/18;jueves;1.413.471
31/8/18;viernes;1.455.455
1/9/18;sábado;995.817
2/9/18;domingo;827.264
3/9/18;lunes;1.772.320
4/9/18;martes;1.853.191
5/9/18;miércoles;1.929.803
6/9/18;jueves;1.957.558
7/9/18;viernes;2.005.638
8/9/18;sábado;1.148.892
9/9/18;domingo;931.224
10/9/18;lunes;2.051.549
11/9/18;martes;2.083.137
12/9/18;miércoles;2.140.390
13/9/18;jueves;2.190.106
14/9/18;viernes;2.182.187
15/9/18;sábado;1.265.055
16/9/18;domingo;987.585
17/9/18;lunes;2.131.052
18/9/18;martes;2.180.056
19/9/18;miércoles;2.260.322
20/9/18;jueves;2.250.989
21/9/18;viernes;2.332.201
22/9/18;sábado;1.348.057
23/9/18;domingo;983.820
24/9/18;lunes;2.170.188
25/9/18;martes;2.265.296
26/9/18;miércoles;2.256.754
27/9/18;jueves;2.285.132
28/9/18;viernes;2.385.898
29/9/18;sábado;1.408.193
30/9/18;domingo;1.030.793
1/10/18;lunes;2.252.837
2/10/18;martes;2.320.034
3/10/18;miércoles;2.389.272
4/10/18;jueves;2.352.802
5/10/18;viernes;2.424.683
6/10/18;sábado;1.413.095
7/10/18;domingo;1.104.209
8/10/18;lunes;2.265.694
9/10/18;martes;2.354.663
10/10/18;miércoles;2.376.594
11/10/18;jueves;2.408.782
12/10/18;viernes;1.246.341
13/10/18;sábado;1.269.611
14/10/18;domingo;898.567
15/10/18;lunes;2.224.706
16/10/18;martes;2.312.507
17/10/18;miércoles;2.352.012
18/10/18;jueves;2.370.950
19/10/18;viernes;2.469.775
20/10/18;sábado;1.462.969
21/10/18;domingo;1.047.493
22/10/18;lunes;2.267.400
23/10/18;martes;2.372.552
24/10/18;miércoles;2.377.280
25/10/18;jueves;2.405.736
26/10/18;viernes;2.451.776
27/10/18;sábado;1.415.642
28/10/18;domingo;1.035.277
29/10/18;lunes;2.304.800
30/10/18;martes;2.384.679
31/10/18;miércoles;2.570.888
1/11/18;jueves;1.110.352
2/11/18;viernes;1.929.029
3/11/18;sábado;1.386.908
4/11/18;domingo;1.011.381
5/11/18;lunes;2.318.361
6/11/18;martes;2.412.749
7/11/18;miércoles;2.401.230
8/11/18;jueves;2.461.774
9/11/18;viernes;1.331.429
10/11/18;sábado;1.313.085
11/11/18;domingo;959.527
12/11/18;lunes;2.278.431
13/11/18;martes;2.382.019
14/11/18;miércoles;2.392.854
15/11/18;jueves;2.412.523
16/11/18;viernes;2.484.949
17/11/18;sábado;1.466.759
18/11/18;domingo;1.008.376
19/11/18;lunes;2.305.808
20/11/18;martes;2.375.704
21/11/18;miércoles;2.408.093
22/11/18;jueves;2.427.836
23/11/18;viernes;2.610.810
24/11/18;sábado;1.597.617
25/11/18;domingo;1.092.798
26/11/18;lunes;2.321.983
27/11/18;martes;2.382.993
28/11/18;miércoles;2.484.796
29/11/18;jueves;2.447.949
30/11/18;viernes;2.573.561
1/12/18;sábado;1.663.164
2/12/18;domingo;1.106.036
3/12/18;lunes;2.328.671
4/12/18;martes;2.385.409
5/12/18;miércoles;2.519.295
6/12/18;jueves;1.365.098
7/12/18;viernes;1.967.946
8/12/18;sábado;1.438.521
9/12/18;domingo;1.135.857
10/12/18;lunes;2.285.470
11/12/18;martes;2.375.875
12/12/18;miércoles;2.498.647
13/12/18;jueves;2.441.288
14/12/18;viernes;2.558.122
15/12/18;sábado;1.662.288
16/12/18;domingo;1.124.543
17/12/18;lunes;2.311.457
18/12/18;martes;2.370.035
19/12/18;miércoles;2.418.871
20/12/18;jueves;2.463.795
21/12/18;viernes;2.405.663
22/12/18;sábado;1.445.907
23/12/18;domingo;1.141.777
24/12/18;lunes;991.034
25/12/18;martes;583.428
26/12/18;miércoles;1.814.209
27/12/18;jueves;1.923.731
28/12/18;viernes;1.984.706
29/12/18;sábado;1.433.642
30/12/18;domingo;1.210.725
31/12/18;lunes;1.233.615
1/1/19;martes;653.148
2/1/19;miércoles;1.805.500
3/1/19;jueves;1.912.327
4/1/19;viernes;1.926.029
5/1/19;sábado;1.377.603
6/1/19;domingo;811.506
7/1/19;lunes;1.012.869
8/1/19;martes;2.161.057
9/1/19;miércoles;2.239.761
10/1/19;jueves;2.249.798
11/1/19;viernes;2.324.311
12/1/19;sábado;1.384.649
13/1/19;domingo;1.021.259
14/1/19;lunes;2.187.579
15/1/19;martes;2.218.600
16/1/19;miércoles;2.343.734
17/1/19;jueves;2.312.223
18/1/19;viernes;2.382.296
19/1/19;sábado;1.398.332
20/1/19;domingo;1.003.946
21/1/19;lunes;2.270.298
22/1/19;martes;2.333.452
23/1/19;miércoles;2.425.087
24/1/19;jueves;2.434.080
25/1/19;viernes;2.410.313
26/1/19;sábado;1.555.013
27/1/19;domingo;1.109.799
28/1/19;lunes;2.252.438
29/1/19;martes;2.329.501
30/1/19;miércoles;2.384.916
31/1/19;jueves;2.370.742
1/2/19;viernes;2.451.312
2/2/19;sábado;1.482.906
3/2/19;domingo;1.094.999
4/2/19;lunes;2.290.486
5/2/19;martes;2.346.802
6/2/19;miércoles;2.355.182
7/2/19;jueves;2.362.566
8/2/19;viernes;2.437.281
9/2/19;sábado;1.480.198
10/2/19;domingo;1.138.060
11/2/19;lunes;2.250.024
12/2/19;martes;2.311.650
13/2/19;miércoles;2.343.046
14/2/19;jueves;2.406.872
15/2/19;viernes;2.416.329
16/2/19;sábado;1.465.221
17/2/19;domingo;1.094.252
18/2/19;lunes;2.239.934
19/2/19;martes;2.311.124
20/2/19;miércoles;2.390.403
21/2/19;jueves;2.349.016
22/2/19;viernes;2.404.126
23/2/19;sábado;1.427.476
24/2/19;domingo;1.066.136
25/2/19;lunes;2.237.488
26/2/19;martes;2.328.074
27/2/19;miércoles;2.420.696
28/2/19;jueves;2.445.705
1/3/19;viernes;2.314.540
2/3/19;sábado;1.477.464
3/3/19;domingo;1.111.589
4/3/19;lunes;2.125.873
5/3/19;martes;2.363.450
6/3/19;miércoles;2.336.542
7/3/19;jueves;2.387.951
8/3/19;viernes;2.370.071
9/3/19;sábado;1.435.722
10/3/19;domingo;1.051.778
11/3/19;lunes;2.238.006
12/3/19;martes;2.313.606
13/3/19;miércoles;2.355.460
14/3/19;jueves;2.357.288
15/3/19;viernes;2.392.714
16/3/19;sábado;1.463.059
17/3/19;domingo;1.090.027
18/3/19;lunes;2.249.794
19/3/19;martes;2.295.522
20/3/19;miércoles;2.343.719
21/3/19;jueves;2.363.628
22/3/19;viernes;2.402.792
23/3/19;sábado;1.388.574
24/3/19;domingo;1.046.683
25/3/19;lunes;2.234.619
26/3/19;martes;2.306.029
27/3/19;miércoles;2.357.233
28/3/19;jueves;2.376.380
29/3/19;viernes;2.429.542
30/3/19;sábado;1.454.316
31/3/19;domingo;1.029.732
1/4/19;lunes;2.196.230
2/4/19;martes;2.328.386
3/4/19;miércoles;2.358.989
4/4/19;jueves;2.377.124
5/4/19;viernes;2.431.320
6/4/19;sábado;1.449.958
7/4/19;domingo;1.064.885
8/4/19;lunes;2.278.046
9/4/19;martes;2.340.674
10/4/19;miércoles;2.374.677
11/4/19;jueves;2.412.151
12/4/19;viernes;2.176.903
13/4/19;sábado;1.318.688
14/4/19;domingo;1.007.596
15/4/19;lunes;1.744.145
16/4/19;martes;1.743.531
17/4/19;miércoles;1.662.486
18/4/19;jueves;842.898
19/4/19;viernes;834.693
20/4/19;sábado;987.930
21/4/19;domingo;903.884
22/4/19;lunes;1.818.233
23/4/19;martes;2.265.912
24/4/19;miércoles;2.347.973
25/4/19;jueves;2.411.961
26/4/19;viernes;2.427.309
27/4/19;sábado;1.592.920
28/4/19;domingo;1.023.200
29/4/19;lunes;2.210.151
30/4/19;martes;2.331.123
1/5/19;miércoles;1.016.980
2/5/19;jueves;1.043.859
3/5/19;viernes;1.688.653
4/5/19;sábado;1.197.022
5/5/19;domingo;970.218
6/5/19;lunes;2.190.928
7/5/19;martes;2.277.487
8/5/19;miércoles;2.324.975
9/5/19;jueves;2.325.593
10/5/19;viernes;2.384.894
11/5/19;sábado;1.441.574
12/5/19;domingo;1.152.376
13/5/19;lunes;2.211.363
14/5/19;martes;2.382.869
15/5/19;miércoles;1.293.389
16/5/19;jueves;2.269.769
17/5/19;viernes;2.310.943
18/5/19;sábado;1.336.913
19/5/19;domingo;1.021.983
20/5/19;lunes;2.151.988
21/5/19;martes;2.198.695
22/5/19;miércoles;2.254.243
23/5/19;jueves;2.239.208
24/5/19;viernes;2.272.092
25/5/19;sábado;1.294.921
26/5/19;domingo;963.249
27/5/19;lunes;2.151.293
28/5/19;martes;2.227.900
29/5/19;miércoles;2.267.908
30/5/19;jueves;2.304.029
31/5/19;viernes;2.391.891
1/6/19;sábado;1.516.249
2/6/19;domingo;1.055.103
3/6/19;lunes;2.215.021
4/6/19;martes;2.293.574
5/6/19;miércoles;2.344.611
6/6/19;jueves;2.381.212
7/6/19;viernes;2.343.262
8/6/19;sábado;1.388.236
9/6/19;domingo;1.072.778
10/6/19;lunes;2.244.052
11/6/19;martes;2.298.522
12/6/19;miércoles;2.310.703
13/6/19;jueves;2.334.666
14/6/19;viernes;2.308.366
15/6/19;sábado;1.385.164
16/6/19;domingo;1.019.002
17/6/19;lunes;2.154.239
18/6/19;martes;2.205.533
19/6/19;miércoles;2.230.693
20/6/19;jueves;2.238.633
21/6/19;viernes;2.225.667
22/6/19;sábado;1.322.094
23/6/19;domingo;1.031.828
24/6/19;lunes;2.058.244
25/6/19;martes;2.151.125
26/6/19;miércoles;2.169.542
27/6/19;jueves;2.156.505
28/6/19;viernes;2.149.676
29/6/19;sábado;1.288.865
30/6/19;domingo;1.000.385
1/7/19;lunes;2.013.635
2/7/19;martes;2.056.656
3/7/19;miércoles;2.110.633
4/7/19;jueves;2.085.896
5/7/19;viernes;2.074.448
6/7/19;sábado;1.355.360
7/7/19;domingo;1.002.919
8/7/19;lunes;1.924.241
9/7/19;martes;1.957.591
10/7/19;miércoles;1.993.396
11/7/19;jueves;1.964.633
12/7/19;viernes;1.886.072
13/7/19;sábado;1.084.260
14/7/19;domingo;875.875
15/7/19;lunes;1.821.928
16/7/19;martes;1.866.012
17/7/19;miércoles;1.871.519
18/7/19;jueves;1.864.935
19/7/19;viernes;1.810.071
20/7/19;sábado;1.037.663
21/7/19;domingo;831.976
22/7/19;lunes;1.709.638
23/7/19;martes;1.744.288
24/7/19;miércoles;1.770.803
25/7/19;jueves;1.745.295
26/7/19;viernes;1.734.639
27/7/19;sábado;997.069
28/7/19;domingo;801.664
29/7/19;lunes;1.623.241
30/7/19;martes;1.661.983
31/7/19;miércoles;1.669.845
1/8/19;jueves;1.552.793
2/8/19;viernes;1.491.696
3/8/19;sábado;901.882
4/8/19;domingo;728.688
5/8/19;lunes;1.349.883
6/8/19;martes;1.372.361
7/8/19;miércoles;1.384.491
8/8/19;jueves;1.346.198
9/8/19;viernes;1.314.002
10/8/19;sábado;847.730
11/8/19;domingo;703.450
12/8/19;lunes;1.232.103
13/8/19;martes;1.250.473
14/8/19;miércoles;1.268.552
15/8/19;jueves;777.877
16/8/19;viernes;1.080.422
17/8/19;sábado;791.091
18/8/19;domingo;709.821
19/8/19;lunes;1.213.785
20/8/19;martes;1.264.851
21/8/19;miércoles;1.289.404
22/8/19;jueves;1.282.669
23/8/19;viernes;1.275.328
24/8/19;sábado;867.836
25/8/19;domingo;711.781
26/8/19;lunes;1.304.491
27/8/19;martes;1.398.963
28/8/19;miércoles;1.448.894
29/8/19;jueves;1.467.085
30/8/19;viernes;1.485.625
31/8/19;sábado;1.012.649
1/9/19;domingo;889.958
2/9/19;lunes;1.790.868
3/9/19;martes;1.897.419
4/9/19;miércoles;1.972.214
5/9/19;jueves;2.011.190
6/9/19;viernes;2.017.660
7/9/19;sábado;1.207.855
8/9/19;domingo;954.553
9/9/19;lunes;2.049.224
10/9/19;martes;2.182.489
11/9/19;miércoles;2.224.166
12/9/19;jueves;2.245.005
13/9/19;viernes;2.249.476
14/9/19;sábado;1.213.106
15/9/19;domingo;969.643
16/9/19;lunes;2.219.236
17/9/19;martes;2.249.966
18/9/19;miércoles;2.339.056
19/9/19;jueves;2.319.955
20/9/19;viernes;2.361.059
21/9/19;sábado;1.354.712
22/9/19;domingo;1.026.868
23/9/19;lunes;2.228.426
24/9/19;martes;2.296.141
25/9/19;miércoles;2.354.689
26/9/19;jueves;2.356.331
27/9/19;viernes;2.452.901
28/9/19;sábado;1.457.224
29/9/19;domingo;1.076.241
30/9/19;lunes;2.298.059
1/10/19;martes;2.415.503
2/10/19;miércoles;2.432.479
3/10/19;jueves;2.433.003
4/10/19;viernes;2.511.757
5/10/19;sábado;1.522.362
6/10/19;domingo;1.116.662
7/10/19;lunes;2.311.039
8/10/19;martes;2.382.912
9/10/19;miércoles;2.424.762
10/10/19;jueves;2.451.308
11/10/19;viernes;2.470.903
12/10/19;sábado;1.449.483
13/10/19;domingo;1.061.297
14/10/19;lunes;2.326.971
15/10/19;martes;2.407.787
16/10/19;miércoles;2.455.222
17/10/19;jueves;2.285.207
18/10/19;viernes;2.481.006
19/10/19;sábado;1.559.069
20/10/19;domingo;1.077.009
21/10/19;lunes;2.336.723
22/10/19;martes;2.450.285
23/10/19;miércoles;2.449.429
24/10/19;jueves;2.454.824
25/10/19;viernes;2.513.013
26/10/19;sábado;1.541.399
27/10/19;domingo;1.097.468
28/10/19;lunes;2.357.111
29/10/19;martes;2.439.454
30/10/19;miércoles;2.539.757
31/10/19;jueves;2.391.931
1/11/19;viernes;1.210.458
2/11/19;sábado;1.364.751
3/11/19;domingo;1.023.286
4/11/19;lunes;2.325.621
5/11/19;martes;2.428.359
6/11/19;miércoles;2.491.256
7/11/19;jueves;2.493.785
8/11/19;viernes;2.551.202
9/11/19;sábado;1.375.367
10/11/19;domingo;1.087.443
11/11/19;lunes;2.333.611
12/11/19;martes;2.423.163
13/11/19;miércoles;2.461.431
14/11/19;jueves;2.485.495
15/11/19;viernes;2.533.426
16/11/19;sábado;1.512.416
17/11/19;domingo;1.052.087
18/11/19;lunes;2.371.011
19/11/19;martes;2.423.155
20/11/19;miércoles;2.463.102
21/11/19;jueves;2.474.349
22/11/19;viernes;2.628.025
23/11/19;sábado;1.634.102
24/11/19;domingo;1.143.088
25/11/19;lunes;2.434.244
26/11/19;martes;2.499.461
27/11/19;miércoles;2.549.893
28/11/19;jueves;2.525.087
29/11/19;viernes;2.747.473
30/11/19;sábado;1.735.319
1/12/19;domingo;1.176.141
2/12/19;lunes;2.421.405
3/12/19;martes;2.475.172
4/12/19;miércoles;2.492.372
5/12/19;jueves;2.547.111
6/12/19;viernes;1.463.494
7/12/19;sábado;1.555.254
8/12/19;domingo;1.158.508
9/12/19;lunes;1.135.002
10/12/19;martes;2.446.361
11/12/19;miércoles;2.588.846
12/12/19;jueves;2.541.703
13/12/19;viernes;2.638.288
14/12/19;sábado;1.745.190
15/12/19;domingo;1.225.052
16/12/19;lunes;2.386.442
17/12/19;martes;2.445.275
18/12/19;miércoles;2.502.073
19/12/19;jueves;2.552.635
20/12/19;viernes;2.504.751
21/12/19;sábado;1.581.484
22/12/19;domingo;1.258.924
23/12/19;lunes;1.932.449
24/12/19;martes;1.059.317
25/12/19;miércoles;638.256
26/12/19;jueves;1.884.020
27/12/19;viernes;1.952.367
28/12/19;sábado;1.458.347
29/12/19;domingo;1.193.113
30/12/19;lunes;1.828.989
31/12/19;martes;1.254.479
1/1/20;miércoles;693.282
2/1/20;jueves;1.842.831
3/1/20;viernes;1.930.476
4/1/20;sábado;1.444.111
5/1/20;domingo;1.283.230
6/1/20;lunes;791.622
7/1/20;martes;1.950.881
8/1/20;miércoles;2.240.072
9/1/20;jueves;2.268.143
10/1/20;viernes;2.396.376
11/1/20;sábado;1.428.576
12/1/20;domingo;1.033.727
13/1/20;lunes;2.236.178
14/1/20;martes;2.282.509
15/1/20;miércoles;2.302.557
16/1/20;jueves;2.316.345
17/1/20;viernes;2.436.564
18/1/20;sábado;1.434.791
19/1/20;domingo;1.046.358
20/1/20;lunes;2.276.496
21/1/20;martes;2.312.133
22/1/20;miércoles;2.380.262
23/1/20;jueves;2.413.774
24/1/20;viernes;2.426.240
25/1/20;sábado;1.481.886
26/1/20;domingo;1.181.451
27/1/20;lunes;2.268.655
28/1/20;martes;2.306.357
29/1/20;miércoles;2.376.265
30/1/20;jueves;2.404.570
31/1/20;viernes;2.413.691
1/2/20;sábado;1.512.948
2/2/20;domingo;1.086.730
3/2/20;lunes;2.325.765
4/2/20;martes;2.397.622
5/2/20;miércoles;2.449.372
6/2/20;jueves;2.484.590
7/2/20;viernes;2.520.757
8/2/20;sábado;1.504.007
9/2/20;domingo;1.064.653
10/2/20;lunes;2.328.177
11/2/20;martes;2.400.703
12/2/20;miércoles;2.433.438
13/2/20;jueves;2.452.370
14/2/20;viernes;2.569.768
15/2/20;sábado;1.511.965
16/2/20;domingo;1.146.105
17/2/20;lunes;2.325.478
18/2/20;martes;2.452.586
19/2/20;miércoles;2.434.865
20/2/20;jueves;2.453.014
21/2/20;viernes;2.483.037
22/2/20;sábado;1.482.987
23/2/20;domingo;1.148.320
24/2/20;lunes;2.336.014
25/2/20;martes;2.409.436
26/2/20;miércoles;2.469.863
27/2/20;jueves;2.476.205
28/2/20;viernes;2.327.246
29/2/20;sábado;1.417.094
1/3/20;domingo;1.103.544
2/3/20;lunes;2.094.381
3/3/20;martes;2.328.408
4/3/20;miércoles;2.361.084
5/3/20;jueves;2.364.201
6/3/20;viernes;2.409.175
7/3/20;sábado;1.421.275
8/3/20;domingo;1.082.280
9/3/20;lunes;2.184.494
10/3/20;martes;1.941.318
11/3/20;miércoles;1.493.067
12/3/20;jueves;1.204.811
13/3/20;viernes;891.359
14/3/20;sábado;237.058
15/3/20;domingo;131.999
16/3/20;lunes;340.361
17/3/20;martes;286.759
18/3/20;miércoles;267.941
19/3/20;jueves;255.728
20/3/20;viernes;248.785
21/3/20;sábado;111.275
22/3/20;domingo;82.578
23/3/20;lunes;228.622
24/3/20;martes;213.798
25/3/20;miércoles;209.660
26/3/20;jueves;201.872
27/3/20;viernes;206.521
28/3/20;sábado;103.016
29/3/20;domingo;78.847
30/3/20;lunes;169.388
31/3/20;martes;161.421
1/4/20;miércoles;160.880
2/4/20;jueves;158.811
3/4/20;viernes;164.230
4/4/20;sábado;95.085
5/4/20;domingo;69.491
6/4/20;lunes;160.183
7/4/20;martes;156.955
8/4/20;miércoles;162.846
9/4/20;jueves;87.104
10/4/20;viernes;80.010
11/4/20;sábado;95.096
12/4/20;domingo;71.303
13/4/20;lunes;195.844
14/4/20;martes;201.056
15/4/20;miércoles;201.270
16/4/20;jueves;202.170
17/4/20;viernes;207.031
18/4/20;sábado;106.351
19/4/20;domingo;75.589
20/4/20;lunes;217.483
21/4/20;martes;209.253
22/4/20;miércoles;214.394
23/4/20;jueves;212.726
24/4/20;viernes;220.906
25/4/20;sábado;111.454
26/4/20;domingo;78.917
27/4/20;lunes;235.174
28/4/20;martes;231.307
29/4/20;miércoles;236.134
30/4/20;jueves;246.161
1/5/20;viernes;99.818
2/5/20;sábado;118.289
3/5/20;domingo;96.776
4/5/20;lunes;294.423
5/5/20;martes;293.779
6/5/20;miércoles;300.137
7/5/20;jueves;301.533
8/5/20;viernes;313.005
9/5/20;sábado;165.485
10/5/20;domingo;110.214
11/5/20;lunes;352.601
12/5/20;martes;348.277
13/5/20;miércoles;351.930
14/5/20;jueves;354.360
15/5/20;viernes;182.482
16/5/20;sábado;176.116
17/5/20;domingo;119.260
18/5/20;lunes;394.601
19/5/20;martes;391.805
20/5/20;miércoles;400.835
21/5/20;jueves;402.665
22/5/20;viernes;411.390
23/5/20;sábado;219.025
24/5/20;domingo;145.305
25/5/20;lunes;519.619
26/5/20;martes;517.399
27/5/20;miércoles;533.352
28/5/20;jueves;538.938
29/5/20;viernes;565.236
30/5/20;sábado;373.523
31/5/20;domingo;251.832
1/6/20;lunes;612.571
2/6/20;martes;620.371
3/6/20;miércoles;641.984
4/6/20;jueves;644.203
5/6/20;viernes;678.483
6/6/20;sábado;441.489
7/6/20;domingo;301.483
8/6/20;lunes;728.914
9/6/20;martes;751.619
10/6/20;miércoles;771.785
11/6/20;jueves;787.486
12/6/20;viernes;823.743
13/6/20;sábado;563.690
14/6/20;domingo;408.068
15/6/20;lunes;811.945
16/6/20;martes;837.197
17/6/20;miércoles;855.516
18/6/20;jueves;862.428
19/6/20;viernes;900.805
20/6/20;sábado;610.109
21/6/20;domingo;443.576
22/6/20;lunes;898.423
23/6/20;martes;929.931
24/6/20;miércoles;937.048
25/6/20;jueves;955.173
26/6/20;viernes;951.475
27/6/20;sábado;617.939
28/6/20;domingo;465.387
29/6/20;lunes;942.815
30/6/20;martes;982.369
1/7/20;miércoles;1.003.355
2/7/20;jueves;1.013.228
3/7/20;viernes;1.018.714
4/7/20;sábado;655.653
5/7/20;domingo;490.416
6/7/20;lunes;984.555
7/7/20;martes;1.011.054
8/7/20;miércoles;1.024.164
9/7/20;jueves;1.043.914
10/7/20;viernes;1.013.907
11/7/20;sábado;647.001
12/7/20;domingo;484.300
13/7/20;lunes;981.127
14/7/20;martes;1.009.683
15/7/20;miércoles;1.028.519
16/7/20;jueves;1.008.433
17/7/20;viernes;990.202
18/7/20;sábado;634.668
19/7/20;domingo;478.423
20/7/20;lunes;953.319
21/7/20;martes;966.154
22/7/20;miércoles;988.032
23/7/20;jueves;981.501
24/7/20;viernes;956.879
25/7/20;sábado;607.785
26/7/20;domingo;460.784
27/7/20;lunes;908.291
28/7/20;martes;933.582
29/7/20;miércoles;940.971
30/7/20;jueves;934.075
31/7/20;viernes;913.071
1/8/20;sábado;573.729
2/8/20;domingo;440.904
3/8/20;lunes;813.809
4/8/20;martes;824.245
5/8/20;miércoles;828.097
6/8/20;jueves;816.293
7/8/20;viernes;796.904
8/8/20;sábado;526.574
9/8/20;domingo;409.829
10/8/20;lunes;725.236
11/8/20;martes;703.837
12/8/20;miércoles;764.887
13/8/20;jueves;750.920
14/8/20;viernes;731.726
15/8/20;sábado;466.361
16/8/20;domingo;403.887
17/8/20;lunes;712.130
18/8/20;martes;726.264
19/8/20;miércoles;733.346
20/8/20;jueves;726.383
21/8/20;viernes;720.770
22/8/20;sábado;491.107
23/8/20;domingo;388.660
24/8/20;lunes;732.897
25/8/20;martes;751.971
26/8/20;miércoles;765.876
27/8/20;jueves;767.110
28/8/20;viernes;780.262
29/8/20;sábado;546.000
30/8/20;domingo;438.446
31/8/20;lunes;848.548
1/9/20;martes;944.451
2/9/20;miércoles;981.357
3/9/20;jueves;996.494
4/9/20;viernes;1.000.749
5/9/20;sábado;646.777
6/9/20;domingo;490.685
7/9/20;lunes;1.020.995
8/9/20;martes;1.052.196
9/9/20;miércoles;1.085.516
10/9/20;jueves;1.081.519
11/9/20;viernes;1.096.045
12/9/20;sábado;687.270
13/9/20;domingo;506.331
14/9/20;lunes;1.061.370
15/9/20;martes;1.095.261
16/9/20;miércoles;1.121.690
17/9/20;jueves;1.115.162
18/9/20;viernes;1.108.187
19/9/20;sábado;653.593
20/9/20;domingo;488.594
21/9/20;lunes;1.043.490
22/9/20;martes;1.061.552
23/9/20;miércoles;1.059.493
24/9/20;jueves;1.060.329
25/9/20;viernes;1.093.328
26/9/20;sábado;598.413
27/9/20;domingo;431.210
28/9/20;lunes;1.065.894
29/9/20;martes;1.094.521
30/9/20;miércoles;1.118.808
1/10/20;jueves;1.144.697
2/10/20;viernes;1.155.929
3/10/20;sábado;574.285
4/10/20;domingo;404.142
5/10/20;lunes;1.097.691
6/10/20;martes;1.125.170
7/10/20;miércoles;1.135.683
8/10/20;jueves;1.149.097
9/10/20;viernes;1.163.126
10/10/20;sábado;640.590
11/10/20;domingo;481.157
12/10/20;lunes;472.877
13/10/20;martes;1.149.772
14/10/20;miércoles;1.168.887
15/10/20;jueves;1.174.114
16/10/20;viernes;1.201.871
17/10/20;sábado;670.384
18/10/20;domingo;470.323
19/10/20;lunes;1.142.154
20/10/20;martes;1.156.129
21/10/20;miércoles;1.166.938
22/10/20;jueves;1.184.720
23/10/20;viernes;1.215.652
24/10/20;sábado;695.330
25/10/20;domingo;469.221
26/10/20;lunes;1.155.001
27/10/20;martes;1.177.771
28/10/20;miércoles;1.184.170
29/10/20;jueves;1.200.467
30/10/20;viernes;1.215.265
31/10/20;sábado;724.194
1/11/20;domingo;527.443
2/11/20;lunes;506.067
3/11/20;martes;1.189.133
4/11/20;miércoles;1.207.659
5/11/20;jueves;1.212.456
6/11/20;viernes;1.248.090
7/11/20;sábado;719.227
8/11/20;domingo;554.747
9/11/20;lunes;579.935
10/11/20;martes;1.213.677
11/11/20;miércoles;1.220.615
12/11/20;jueves;1.229.811
13/11/20;viernes;1.280.194
14/11/20;sábado;724.403
15/11/20;domingo;514.818
16/11/20;lunes;1.175.885
17/11/20;martes;1.216.426
18/11/20;miércoles;1.228.046
19/11/20;jueves;1.243.608
20/11/20;viernes;1.298.982
21/11/20;sábado;792.885
22/11/20;domingo;559.652
23/11/20;lunes;1.202.594
24/11/20;martes;1.237.708
25/11/20;miércoles;1.260.478
26/11/20;jueves;1.271.802
27/11/20;viernes;1.366.796
28/11/20;sábado;869.949
29/11/20;domingo;603.246
30/11/20;lunes;1.236.880
1/12/20;martes;1.273.694
2/12/20;miércoles;1.294.837
3/12/20;jueves;1.296.319
4/12/20;viernes;1.344.271
5/12/20;sábado;856.006
6/12/20;domingo;680.234
7/12/20;lunes;694.461
8/12/20;martes;614.932
9/12/20;miércoles;1.283.227
10/12/20;jueves;1.287.808
11/12/20;viernes;1.353.133
12/12/20;sábado;877.645
13/12/20;domingo;609.586
14/12/20;lunes;1.248.999
15/12/20;martes;1.288.953
16/12/20;miércoles;1.297.612
17/12/20;jueves;1.311.970
18/12/20;viernes;1.365.400
19/12/20;sábado;837.751
20/12/20;domingo;649.783
21/12/20;lunes;1.237.376
22/12/20;martes;1.252.561
23/12/20;miércoles;1.115.541
24/12/20;jueves;624.284
25/12/20;viernes;326.374
26/12/20;sábado;691.935
27/12/20;domingo;557.787
28/12/20;lunes;986.776
29/12/20;martes;1.014.723
30/12/20;miércoles;1.024.067
31/12/20;jueves;634.458
1/1/21;viernes;313.191
2/1/21;sábado;671.916
3/1/21;domingo;562.478
4/1/21;lunes;1.012.288
5/1/21;martes;1.001.453
6/1/21;miércoles;434.524
7/1/21;jueves;999.343
8/1/21;viernes;1.126.789
9/1/21;sábado;423.189
10/1/21;domingo;578.572
11/1/21;lunes;1.105.650
12/1/21;martes;1.166.126
13/1/21;miércoles;1.260.145
14/1/21;jueves;1.277.080
15/1/21;viernes;1.357.948
16/1/21;sábado;952.719
17/1/21;domingo;664.230
18/1/21;lunes;1.195.304
19/1/21;martes;1.144.791
20/1/21;miércoles;1.189.847
21/1/21;jueves;1.241.392
22/1/21;viernes;1.248.988
23/1/21;sábado;713.110
24/1/21;domingo;510.411
25/1/21;lunes;1.167.951
26/1/21;martes;1.170.147
27/1/21;miércoles;1.177.497
28/1/21;jueves;1.167.049
29/1/21;viernes;1.203.655
30/1/21;sábado;716.812
31/1/21;domingo;513.534
1/2/21;lunes;1.171.109
2/2/21;martes;1.183.722
3/2/21;miércoles;1.198.254
4/2/21;jueves;1.211.576
5/2/21;viernes;1.259.979
6/2/21;sábado;732.184
7/2/21;domingo;590.302
8/2/21;lunes;1.195.870
9/2/21;martes;1.198.898
10/2/21;miércoles;1.235.415
11/2/21;jueves;1.238.172
12/2/21;viernes;1.282.391
13/2/21;sábado;800.285
14/2/21;domingo;624.127
15/2/21;lunes;1.205.142
16/2/21;martes;1.231.313
17/2/21;miércoles;1.252.500
18/2/21;jueves;1.288.811
19/2/21;viernes;1.224.357
20/2/21;sábado;814.528
21/2/21;domingo;567.170
22/2/21;lunes;1.116.105
23/2/21;martes;1.255.243
24/2/21;miércoles;1.273.649
25/2/21;jueves;1.293.693
26/2/21;viernes;1.349.317
27/2/21;sábado;871.450
28/2/21;domingo;632.654
1/3/21;lunes;1.245.338
2/3/21;martes;1.282.532
3/3/21;miércoles;1.307.805
4/3/21;jueves;1.323.446
5/3/21;viernes;1.386.352
6/3/21;sábado;887.017
7/3/21;domingo;626.481
8/3/21;lunes;1.255.507
9/3/21;martes;1.295.268
10/3/21;miércoles;1.321.207
11/3/21;jueves;1.328.486
12/3/21;viernes;1.395.085
13/3/21;sábado;899.079
14/3/21;domingo;641.733
15/3/21;lunes;1.275.224
16/3/21;martes;1.309.859
17/3/21;miércoles;1.336.241
18/3/21;jueves;1.403.046
19/3/21;viernes;744.229
20/3/21;sábado;834.157
21/3/21;domingo;611.133
22/3/21;lunes;1.263.231
23/3/21;martes;1.304.013
24/3/21;miércoles;1.324.952
25/3/21;jueves;1.354.419
26/3/21;viernes;1.267.714
27/3/21;sábado;842.165
28/3/21;domingo;623.670
29/3/21;lunes;1.090.004
30/3/21;martes;1.114.332
31/3/21;miércoles;1.149.558
1/4/21;jueves;681.309
2/4/21;viernes;588.480
3/4/21;sábado;727.579
4/4/21;domingo;627.004
5/4/21;lunes;1.100.890
6/4/21;martes;1.302.106
7/4/21;miércoles;1.330.484
8/4/21;jueves;1.339.385
9/4/21;viernes;1.377.178
10/4/21;sábado;864.823
11/4/21;domingo;639.718
12/4/21;lunes;1.306.582
13/4/21;martes;1.319.944
14/4/21;miércoles;1.340.825
15/4/21;jueves;1.349.945
16/4/21;viernes;1.412.476
17/4/21;sábado;899.842
18/4/21;domingo;643.137
19/4/21;lunes;1.291.799
20/4/21;martes;1.317.424
21/4/21;miércoles;1.345.168
22/4/21;jueves;1.353.120
23/4/21;viernes;1.420.145
24/4/21;sábado;887.925
25/4/21;domingo;568.631
26/4/21;lunes;1.289.696
27/4/21;martes;1.324.322
28/4/21;miércoles;1.343.076
29/4/21;jueves;1.370.727
30/4/21;viernes;1.434.935
1/5/21;sábado;784.418
2/5/21;domingo;700.375
3/5/21;lunes;676.887
4/5/21;martes;1.207.497
5/5/21;miércoles;1.382.951
6/5/21;jueves;1.406.184
7/5/21;viernes;1.454.079
8/5/21;sábado;934.484
9/5/21;domingo;609.964
10/5/21;lunes;1.337.110
11/5/21;martes;1.366.367
12/5/21;miércoles;1.388.196
13/5/21;jueves;1.399.774
14/5/21;viernes;1.448.970
15/5/21;sábado;871.640
16/5/21;domingo;663.462
17/5/21;lunes;1.328.657
18/5/21;martes;1.371.402
19/5/21;miércoles;1.409.111
20/5/21;jueves;1.421.276
21/5/21;viernes;1.464.257
22/5/21;sábado;906.929
23/5/21;domingo;635.428
24/5/21;lunes;1.335.058
25/5/21;martes;1.378.828
26/5/21;miércoles;1.399.485
27/5/21;jueves;1.410.766
28/5/21;viernes;1.467.848
29/5/21;sábado;922.855
30/5/21;domingo;675.796
31/5/21;lunes;1.350.755
1/6/21;martes;1.385.800
2/6/21;miércoles;1.432.631
3/6/21;jueves;1.447.297
4/6/21;viernes;1.507.133
5/6/21;sábado;887.935
6/6/21;domingo;742.994
7/6/21;lunes;1.366.570
8/6/21;martes;1.409.811
9/6/21;miércoles;1.458.062
10/6/21;jueves;1.488.675
11/6/21;viernes;1.490.411
12/6/21;sábado;930.144
13/6/21;domingo;724.167
14/6/21;lunes;1.369.137
15/6/21;martes;1.417.019
16/6/21;miércoles;1.447.916
17/6/21;jueves;1.420.805
18/6/21;viernes;1.455.185
19/6/21;sábado;925.546
20/6/21;domingo;672.409
21/6/21;lunes;1.363.601
22/6/21;martes;1.380.156
23/6/21;miércoles;1.408.327
24/6/21;jueves;1.420.879
25/6/21;viernes;1.424.768
26/6/21;sábado;910.430
27/6/21;domingo;699.826
28/6/21;lunes;1.336.769
29/6/21;martes;1.377.062
30/6/21;miércoles;1.406.028
1/7/21;jueves;1.419.132
2/7/21;viernes;1.377.289
3/7/21;sábado;911.001
4/7/21;domingo;691.402
5/7/21;lunes;1.314.100
6/7/21;martes;1.329.222
7/7/21;miércoles;1.350.092
8/7/21;jueves;1.345.444
9/7/21;viernes;1.315.449
10/7/21;sábado;827.400
11/7/21;domingo;627.522
12/7/21;lunes;1.243.682
13/7/21;martes;1.279.103
14/7/21;miércoles;1.289.229
15/7/21;jueves;1.274.092
16/7/21;viernes;1.260.440
17/7/21;sábado;809.226
18/7/21;domingo;624.873
19/7/21;lunes;1.180.156
20/7/21;martes;1.201.312
21/7/21;miércoles;1.212.405
22/7/21;jueves;1.201.615
23/7/21;viernes;1.172.225
24/7/21;sábado;754.090
25/7/21;domingo;595.873
26/7/21;lunes;1.118.945
27/7/21;martes;1.141.699
28/7/21;miércoles;1.160.104
29/7/21;jueves;1.144.689
30/7/21;viernes;1.129.502
31/7/21;sábado;740.134
1/8/21;domingo;580.265
2/8/21;lunes;972.136
3/8/21;martes;979.476
4/8/21;miércoles;986.638
5/8/21;jueves;971.017
6/8/21;viernes;960.730
7/8/21;sábado;664.370
8/8/21;domingo;542.607
9/8/21;lunes;895.489
10/8/21;martes;911.561
11/8/21;miércoles;908.161
12/8/21;jueves;890.721
13/8/21;viernes;882.456
14/8/21;sábado;591.975
15/8/21;domingo;496.122
16/8/21;lunes;853.429
17/8/21;martes;886.411
18/8/21;miércoles;897.583
19/8/21;jueves;890.181
20/8/21;viernes;893.404
21/8/21;sábado;629.736
22/8/21;domingo;526.785
23/8/21;lunes;901.331
24/8/21;martes;933.286
25/8/21;miércoles;952.826
26/8/21;jueves;968.085
27/8/21;viernes;981.061
28/8/21;sábado;695.396
29/8/21;domingo;588.922
30/8/21;lunes;1.048.434
31/8/21;martes;1.118.508
1/9/21;miércoles;1.169.432
2/9/21;jueves;1.253.942
3/9/21;viernes;1.283.111
4/9/21;sábado;887.003
5/9/21;domingo;713.033
6/9/21;lunes;1.342.306
7/9/21;martes;1.410.219
8/9/21;miércoles;1.486.058
9/9/21;jueves;1.486.432
10/9/21;viernes;1.554.467
11/9/21;sábado;989.662
12/9/21;domingo;780.942
13/9/21;lunes;1.488.925
14/9/21;martes;1.526.256
15/9/21;miércoles;1.604.257
16/9/21;jueves;1.623.524
17/9/21;viernes;1.713.990
18/9/21;sábado;1.094.829
19/9/21;domingo;789.044
20/9/21;lunes;1.561.425
21/9/21;martes;1.638.811
22/9/21;miércoles;1.657.451
23/9/21;jueves;1.671.148
24/9/21;viernes;1.706.212
25/9/21;sábado;1.144.446
26/9/21;domingo;918.593
27/9/21;lunes;1.604.276
28/9/21;martes;1.668.444
29/9/21;miércoles;1.692.513
30/9/21;jueves;1.753.716
1/10/21;viernes;1.827.392
2/10/21;sábado;1.192.814
3/10/21;domingo;743.715
4/10/21;lunes;1.728.231
5/10/21;martes;1.792.689
6/10/21;miércoles;1.799.435
7/10/21;jueves;1.843.927
8/10/21;viernes;1.865.046
9/10/21;sábado;1.154.149
10/10/21;domingo;909.222
11/10/21;lunes;1.426.086
12/10/21;martes;936.151
13/10/21;miércoles;1.753.195
14/10/21;jueves;1.781.831
15/10/21;viernes;1.855.026
16/10/21;sábado;1.122.602
17/10/21;domingo;820.836
18/10/21;lunes;1.726.650
19/10/21;martes;1.828.873
20/10/21;miércoles;1.821.753
21/10/21;jueves;1.837.288
22/10/21;viernes;1.926.295
23/10/21;sábado;1.182.761
24/10/21;domingo;902.773
25/10/21;lunes;1.748.405
26/10/21;martes;1.807.052
27/10/21;miércoles;1.861.593
28/10/21;jueves;1.874.169
29/10/21;viernes;1.914.764
30/10/21;sábado;1.172.994
31/10/21;domingo;1.044.574
1/11/21;lunes;828.985
2/11/21;martes;1.814.503
3/11/21;miércoles;1.886.292
4/11/21;jueves;1.897.711
5/11/21;viernes;1.966.789
6/11/21;sábado;1.223.247
7/11/21;domingo;866.812
8/11/21;lunes;1.683.080
9/11/21;martes;1.002.077
10/11/21;miércoles;1.871.668
11/11/21;jueves;1.896.963
12/11/21;viernes;1.960.732
13/11/21;sábado;1.259.252
14/11/21;domingo;915.756
15/11/21;lunes;1.780.418
16/11/21;martes;1.853.922
17/11/21;miércoles;1.892.598
18/11/21;jueves;1.906.227
19/11/21;viernes;1.975.246
20/11/21;sábado;1.229.420
21/11/21;domingo;873.151
22/11/21;lunes;1.801.519
23/11/21;martes;1.856.527
24/11/21;miércoles;1.946.439
25/11/21;jueves;1.946.450
26/11/21;viernes;2.093.606
27/11/21;sábado;1.379.040
28/11/21;domingo;988.795
29/11/21;lunes;1.832.276
30/11/21;martes;1.898.933
1/12/21;miércoles;1.945.507
2/12/21;jueves;1.940.653
3/12/21;viernes;1.975.640
4/12/21;sábado;1.295.051
5/12/21;domingo;1.130.519
6/12/21;lunes;1.087.150
7/12/21;martes;1.480.643
8/12/21;miércoles;909.094
9/12/21;jueves;1.832.734
10/12/21;viernes;1.944.155
11/12/21;sábado;1.336.916
12/12/21;domingo;961.209
13/12/21;lunes;1.796.669
14/12/21;martes;1.851.938
15/12/21;miércoles;1.868.697
16/12/21;jueves;1.869.975
17/12/21;viernes;1.936.112
18/12/21;sábado;1.304.250
19/12/21;domingo;963.084
20/12/21;lunes;1.677.640
21/12/21;martes;1.655.981
22/12/21;miércoles;1.584.645
23/12/21;jueves;1.357.496
24/12/21;viernes;748.566
25/12/21;sábado;391.310
26/12/21;domingo;659.921
27/12/21;lunes;1.223.408
28/12/21;martes;1.243.553
29/12/21;miércoles;1.258.557
30/12/21;jueves;1.231.547
31/12/21;viernes;824.900
1/1/22;sábado;462.810
2/1/22;domingo;771.452
3/1/22;lunes;1.215.838
4/1/22;martes;1.229.268
5/1/22;miércoles;1.247.284
6/1/22;jueves;584.018
7/1/22;viernes;1.216.316
8/1/22;sábado;935.327
9/1/22;domingo;696.151
10/1/22;lunes;1.459.925
11/1/22;martes;1.484.618
12/1/22;miércoles;1.526.986
13/1/22;jueves;1.532.587
14/1/22;viernes;1.623.135
15/1/22;sábado;1.023.334
16/1/22;domingo;737.797
17/1/22;lunes;1.526.738
18/1/22;martes;1.568.980
19/1/22;miércoles;1.593.770
20/1/22;jueves;1.626.209
21/1/22;viernes;1.709.957
22/1/22;sábado;1.120.905
23/1/22;domingo;809.856
24/1/22;lunes;1.590.679
25/1/22;martes;1.629.201
26/1/22;miércoles;1.667.265
27/1/22;jueves;1.692.908
28/1/22;viernes;1.726.192
29/1/22;sábado;1.152.896
30/1/22;domingo;843.258
31/1/22;lunes;1.658.084
1/2/22;martes;1.733.921
2/2/22;miércoles;1.777.276
3/2/22;jueves;1.784.489
4/2/22;viernes;1.855.350
5/2/22;sábado;1.201.754
6/2/22;domingo;884.603
7/2/22;lunes;1.717.964
8/2/22;martes;1.781.289
9/2/22;miércoles;1.811.264
10/2/22;jueves;1.824.840
11/2/22;viernes;1.851.245
12/2/22;sábado;1.191.748
13/2/22;domingo;876.767
14/2/22;lunes;1.814.637
15/2/22;martes;1.823.785
16/2/22;miércoles;1.874.874
17/2/22;jueves;1.859.256
18/2/22;viernes;1.924.586
19/2/22;sábado;1.211.741
20/2/22;domingo;908.705
21/2/22;lunes;1.767.839
22/2/22;martes;1.849.255
23/2/22;miércoles;1.929.342
24/2/22;jueves;1.923.870
25/2/22;viernes;1.760.900
26/2/22;sábado;1.209.519
27/2/22;domingo;978.275
28/2/22;lunes;1.682.724
1/3/22;martes;1.879.556
2/3/22;miércoles;1.916.782
3/3/22;jueves;1.921.932
4/3/22;viernes;2.000.417
5/3/22;sábado;1.316.800
6/3/22;domingo;934.467
7/3/22;lunes;1.824.495
8/3/22;martes;1.957.443
9/3/22;miércoles;1.979.708
10/3/22;jueves;1.953.673
11/3/22;viernes;2.017.924
12/3/22;sábado;1.312.236
13/3/22;domingo;932.016
14/3/22;lunes;1.776.269
15/3/22;martes;1.859.321
16/3/22;miércoles;1.880.659
17/3/22;jueves;1.924.301
18/3/22;viernes;1.961.555
19/3/22;sábado;1.210.512
20/3/22;domingo;976.854
21/3/22;lunes;1.820.197
22/3/22;martes;1.890.545
23/3/22;miércoles;1.924.882
24/3/22;jueves;1.933.565
25/3/22;viernes;2.001.798
26/3/22;sábado;1.257.393
27/3/22;domingo;890.545
28/3/22;lunes;1.815.405
29/3/22;martes;1.896.777
30/3/22;miércoles;1.914.170
31/3/22;jueves;1.961.921
1/4/22;viernes;2.046.149
2/4/22;sábado;1.338.557
3/4/22;domingo;972.588
4/4/22;lunes;1.855.012
5/4/22;martes;1.932.347
6/4/22;miércoles;1.959.321
7/4/22;jueves;2.014.682
8/4/22;viernes;1.795.314
9/4/22;sábado;1.178.811
10/4/22;domingo;936.196
11/4/22;lunes;1.446.512
12/4/22;martes;1.473.356
13/4/22;miércoles;1.459.898
14/4/22;jueves;928.773
15/4/22;viernes;916.560
16/4/22;sábado;954.743
17/4/22;domingo;866.621
18/4/22;lunes;1.475.879
19/4/22;martes;1.848.191
20/4/22;miércoles;1.917.170
21/4/22;jueves;1.958.254
22/4/22;viernes;1.996.209
23/4/22;sábado;1.239.888
24/4/22;domingo;1.076.262
25/4/22;lunes;1.872.050
26/4/22;martes;1.938.443
27/4/22;miércoles;1.938.757
28/4/22;jueves;1.955.923
29/4/22;viernes;1.964.593
30/4/22;sábado;1.271.650
1/5/22;domingo;985.507
2/5/22;lunes;834.814
3/5/22;martes;1.895.042
4/5/22;miércoles;2.024.859
5/5/22;jueves;1.975.871
6/5/22;viernes;2.030.679
7/5/22;sábado;1.301.644
8/5/22;domingo;1.040.697
9/5/22;lunes;1.844.744
10/5/22;martes;1.911.823
11/5/22;miércoles;1.940.803
12/5/22;jueves;1.958.931
13/5/22;viernes;1.970.480
14/5/22;sábado;1.254.586
15/5/22;domingo;1.118.474
16/5/22;lunes;966.107
17/5/22;martes;1.853.063
18/5/22;miércoles;1.921.105
19/5/22;jueves;1.917.626
20/5/22;viernes;1.966.876
21/5/22;sábado;1.236.373
22/5/22;domingo;910.402
23/5/22;lunes;1.789.163
24/5/22;martes;1.866.424
25/5/22;miércoles;1.911.960
26/5/22;jueves;1.929.134
27/5/22;viernes;1.976.569
28/5/22;sábado;1.330.875
29/5/22;domingo;1.048.077
30/5/22;lunes;1.768.804
31/5/22;martes;1.855.063
1/6/22;miércoles;1.925.523
2/6/22;jueves;1.903.963
3/6/22;viernes;1.935.592
4/6/22;sábado;1.291.689
5/6/22;domingo;971.067
6/6/22;lunes;1.758.842
7/6/22;martes;1.828.148
8/6/22;miércoles;1.867.492
9/6/22;jueves;1.918.061
10/6/22;viernes;1.893.710
11/6/22;sábado;1.181.782
12/6/22;domingo;902.508
13/6/22;lunes;1.732.446
14/6/22;martes;1.798.914
15/6/22;miércoles;1.816.681
16/6/22;jueves;1.801.507
17/6/22;viernes;1.793.437
18/6/22;sábado;1.128.556
19/6/22;domingo;894.341
20/6/22;lunes;1.709.810
21/6/22;martes;1.789.747
22/6/22;miércoles;1.814.066
23/6/22;jueves;1.811.766
24/6/22;viernes;1.812.440
25/6/22;sábado;1.169.026
26/6/22;domingo;928.736
27/6/22;lunes;1.676.631
28/6/22;martes;1.729.252
29/6/22;miércoles;1.718.706
30/6/22;jueves;1.695.893
1/7/22;viernes;1.714.185
2/7/22;sábado;1.110.726
3/7/22;domingo;872.759
4/7/22;lunes;1.606.911
5/7/22;martes;1.680.135
6/7/22;miércoles;1.737.641
7/7/22;jueves;1.739.770
8/7/22;viernes;1.713.951
9/7/22;sábado;1.215.461
10/7/22;domingo;859.851
11/7/22;lunes;1.530.261
12/7/22;martes;1.582.686
13/7/22;miércoles;1.598.287
14/7/22;jueves;1.570.009
15/7/22;viernes;1.518.025
16/7/22;sábado;952.127
17/7/22;domingo;764.043
18/7/22;lunes;1.440.862
19/7/22;martes;1.514.362
20/7/22;miércoles;1.520.075
21/7/22;jueves;1.479.784
22/7/22;viernes;1.402.653
23/7/22;sábado;875.584
24/7/22;domingo;708.432
25/7/22;lunes;748.725
26/7/22;martes;1.409.695
27/7/22;miércoles;1.446.375
28/7/22;jueves;1.437.197
29/7/22;viernes;1.397.686
30/7/22;sábado;883.914
31/7/22;domingo;726.704
1/8/22;lunes;1.207.774
2/8/22;martes;1.229.273
3/8/22;miércoles;1.235.071
4/8/22;jueves;1.217.197
5/8/22;viernes;1.191.529
6/8/22;sábado;822.372
7/8/22;domingo;663.805
8/8/22;lunes;1.094.532
9/8/22;martes;1.129.987
10/8/22;miércoles;1.139.092
11/8/22;jueves;1.121.639
12/8/22;viernes;1.090.118
13/8/22;sábado;738.591
14/8/22;domingo;663.450
15/8/22;lunes;667.350
16/8/22;martes;1.058.244
17/8/22;miércoles;1.083.789
18/8/22;jueves;1.088.431
19/8/22;viernes;1.077.538
20/8/22;sábado;763.279
21/8/22;domingo;670.092
22/8/22;lunes;1.078.476
23/8/22;martes;1.123.292
24/8/22;miércoles;1.146.362
25/8/22;jueves;1.150.015
26/8/22;viernes;1.143.911
27/8/22;sábado;823.440
28/8/22;domingo;694.879
29/8/22;lunes;1.194.334
30/8/22;martes;1.279.811
31/8/22;miércoles;1.320.521
1/9/22;jueves;1.523.575
2/9/22;viernes;1.566.537
3/9/22;sábado;1.108.337
4/9/22;domingo;906.879
5/9/22;lunes;1.673.810
6/9/22;martes;1.751.534
7/9/22;miércoles;1.814.836
8/9/22;jueves;1.838.723
9/9/22;viernes;1.872.814
10/9/22;sábado;1.210.594
11/9/22;domingo;1.018.710
12/9/22;lunes;1.830.377
13/9/22;martes;1.908.133
14/9/22;miércoles;1.990.864
15/9/22;jueves;1.996.397
16/9/22;viernes;2.025.078
17/9/22;sábado;1.267.621
18/9/22;domingo;1.019.621
19/9/22;lunes;1.888.503
20/9/22;martes;2.005.609
21/9/22;miércoles;2.040.418
22/9/22;jueves;2.065.571
23/9/22;viernes;2.100.649
24/9/22;sábado;1.354.281
25/9/22;domingo;1.008.900
26/9/22;lunes;1.962.248
27/9/22;martes;2.043.404
28/9/22;miércoles;2.087.494
29/9/22;jueves;2.097.948
30/9/22;viernes;2.174.158
1/10/22;sábado;1.374.937
2/10/22;domingo;1.098.704
3/10/22;lunes;2.006.636
4/10/22;martes;2.149.284
5/10/22;miércoles;2.194.744
6/10/22;jueves;2.176.753
7/10/22;viernes;2.190.373
8/10/22;sábado;1.425.455
9/10/22;domingo;1.105.653
10/10/22;lunes;2.000.492
11/10/22;martes;2.207.106
12/10/22;miércoles;1.319.639
13/10/22;jueves;2.090.003
14/10/22;viernes;2.162.694
15/10/22;sábado;1.369.511
16/10/22;domingo;1.042.210
17/10/22;lunes;2.016.357
18/10/22;martes;2.139.824
19/10/22;miércoles;2.138.181
20/10/22;jueves;2.143.154
21/10/22;viernes;2.200.047
22/10/22;sábado;1.445.815
23/10/22;domingo;1.002.787
24/10/22;lunes;2.042.552
25/10/22;martes;2.132.956
26/10/22;miércoles;2.212.228
27/10/22;jueves;2.166.630
28/10/22;viernes;2.197.036
29/10/22;sábado;1.399.314
30/10/22;domingo;1.164.046
31/10/22;lunes;1.760.882
1/11/22;martes;1.003.866
2/11/22;miércoles;2.154.633
3/11/22;jueves;2.181.334
4/11/22;viernes;2.236.790
5/11/22;sábado;1.435.472
6/11/22;domingo;1.073.297
7/11/22;lunes;2.061.885
8/11/22;martes;2.220.738
9/11/22;miércoles;1.181.138
10/11/22;jueves;2.207.742
11/11/22;viernes;2.224.172
12/11/22;sábado;1.376.978
13/11/22;domingo;1.177.223
14/11/22;lunes;2.060.723
15/11/22;martes;2.145.743
16/11/22;miércoles;2.194.695
17/11/22;jueves;2.201.942
18/11/22;viernes;2.281.973
19/11/22;sábado;1.474.343
20/11/22;domingo;1.067.975
21/11/22;lunes;2.046.260
22/11/22;martes;2.147.064
23/11/22;miércoles;2.162.657
24/11/22;jueves;2.273.825
25/11/22;viernes;2.370.749
26/11/22;sábado;1.583.404
27/11/22;domingo;1.146.575
28/11/22;lunes;2.093.361
29/11/22;martes;2.167.511
30/11/22;miércoles;2.209.595
1/12/22;jueves;2.241.097
2/12/22;viernes;2.278.008
3/12/22;sábado;1.524.308
4/12/22;domingo;1.126.144
5/12/22;lunes;1.798.391
6/12/22;martes;1.128.357
7/12/22;miércoles;1.898.990
8/12/22;jueves;1.073.926
9/12/22;viernes;1.975.734
10/12/22;sábado;1.546.319
11/12/22;domingo;995.696
12/12/22;lunes;2.065.939
13/12/22;martes;2.139.639
14/12/22;miércoles;2.207.941
15/12/22;jueves;2.245.720
16/12/22;viernes;2.381.518
17/12/22;sábado;1.747.737
18/12/22;domingo;1.230.413
19/12/22;lunes;2.140.873
20/12/22;martes;2.216.330
21/12/22;miércoles;2.281.969
22/12/22;jueves;2.186.117
23/12/22;viernes;1.872.823
24/12/22;sábado;846.405
25/12/22;domingo;650.080
26/12/22;lunes;1.160.089
27/12/22;martes;1.781.695
28/12/22;miércoles;1.834.972
29/12/22;jueves;1.818.171
30/12/22;viernes;1.762.461
31/12/22;sábado;1.042.777
1/1/23;domingo;685.684
2/1/23;lunes;1.581.661
3/1/23;martes;1.781.186
4/1/23;miércoles;1.846.531
5/1/23;jueves;1.842.966
6/1/23;viernes;894.382
7/1/23;sábado;1.257.660
8/1/23;domingo;977.910
9/1/23;lunes;1.941.128
10/1/23;martes;2.018.250
11/1/23;miércoles;2.062.881
12/1/23;jueves;2.080.654
13/1/23;viernes;2.162.687
14/1/23;sábado;1.428.270
15/1/23;domingo;1.021.255
16/1/23;lunes;1.992.037
17/1/23;martes;2.064.856
18/1/23;miércoles;2.120.175
19/1/23;jueves;2.155.218
20/1/23;viernes;2.226.792
21/1/23;sábado;1.616.122
22/1/23;domingo;1.115.808
23/1/23;lunes;2.042.669
24/1/23;martes;2.123.716
25/1/23;miércoles;2.152.328
26/1/23;jueves;2.214.718
27/1/23;viernes;2.180.472
28/1/23;sábado;1.477.965
29/1/23;domingo;1.124.644
30/1/23;lunes;2.069.172
31/1/23;martes;2.154.530
1/2/23;miércoles;2.227.992
2/2/23;jueves;2.252.162
3/2/23;viernes;2.288.146
4/2/23;sábado;1.542.933
5/2/23;domingo;1.143.835
6/2/23;lunes;2.124.266
7/2/23;martes;2.210.349
8/2/23;miércoles;2.241.168
9/2/23;jueves;2.247.684
10/2/23;viernes;2.319.375
11/2/23;sábado;1.534.496
12/2/23;domingo;1.239.238
13/2/23;lunes;2.124.337
14/2/23;martes;2.285.902
15/2/23;miércoles;2.263.581
16/2/23;jueves;2.270.821
17/2/23;viernes;2.298.769
18/2/23;sábado;1.523.780
19/2/23;domingo;1.178.459
20/2/23;lunes;2.127.223
21/2/23;martes;2.213.414
22/2/23;miércoles;2.252.200
23/2/23;jueves;2.300.710
24/2/23;viernes;2.177.381
25/2/23;sábado;1.545.510
26/2/23;domingo;1.190.953
27/2/23;lunes;1.978.790
28/2/23;martes;2.226.948
1/3/23;miércoles;2.262.138
2/3/23;jueves;2.297.067
3/3/23;viernes;2.322.129
4/3/23;sábado;1.586.337
5/3/23;domingo;1.098.456
6/3/23;lunes;2.125.026
7/3/23;martes;2.224.215
8/3/23;miércoles;2.293.231
9/3/23;jueves;2.239.495
10/3/23;viernes;2.322.986
11/3/23;sábado;1.581.988
12/3/23;domingo;1.190.784
13/3/23;lunes;2.134.969
14/3/23;martes;2.238.356
15/3/23;miércoles;2.311.812
16/3/23;jueves;2.263.120
17/3/23;viernes;2.277.620
18/3/23;sábado;1.501.921
19/3/23;domingo;1.143.689
20/3/23;lunes;1.056.847
21/3/23;martes;2.192.589
22/3/23;miércoles;2.268.540
23/3/23;jueves;2.290.906
24/3/23;viernes;2.367.644
25/3/23;sábado;1.594.228
26/3/23;domingo;1.199.293
27/3/23;lunes;2.144.077
28/3/23;martes;2.259.452
29/3/23;miércoles;2.283.366
30/3/23;jueves;2.320.926
31/3/23;viernes;2.095.266
1/4/23;sábado;1.406.590
2/4/23;domingo;1.195.604
3/4/23;lunes;1.702.170
4/4/23;martes;1.714.146
5/4/23;miércoles;1.649.991
6/4/23;jueves;1.099.316
7/4/23;viernes;1.089.598
8/4/23;sábado;1.170.396
9/4/23;domingo;1.022.443
10/4/23;lunes;1.754.625
11/4/23;martes;2.179.178
12/4/23;miércoles;2.308.419
13/4/23;jueves;2.305.672
14/4/23;viernes;2.370.108
15/4/23;sábado;1.591.272
16/4/23;domingo;1.201.331
17/4/23;lunes;2.165.635
18/4/23;martes;2.265.823
19/4/23;miércoles;2.307.259
20/4/23;jueves;2.317.922
21/4/23;viernes;2.354.803
22/4/23;sábado;1.584.022
23/4/23;domingo;1.334.590
24/4/23;lunes;2.171.294
25/4/23;martes;2.272.945
26/4/23;miércoles;2.347.068
27/4/23;jueves;2.307.431
28/4/23;viernes;2.252.878
29/4/23;sábado;1.431.071
30/4/23;domingo;1.222.359
1/5/23;lunes;1.095.920
2/5/23;martes;1.075.225
3/5/23;miércoles;2.231.346
4/5/23;jueves;2.266.876
5/5/23;viernes;2.333.841
6/5/23;sábado;1.524.095
7/5/23;domingo;1.179.225
8/5/23;lunes;2.137.725
9/5/23;martes;2.278.102
10/5/23;miércoles;2.289.611
11/5/23;jueves;2.283.880
12/5/23;viernes;2.305.597
13/5/23;sábado;1.535.103
14/5/23;domingo;1.261.751
15/5/23;lunes;1.270.727
16/5/23;martes;2.151.442
17/5/23;miércoles;2.242.036
18/5/23;jueves;2.226.216
19/5/23;viernes;2.274.101
20/5/23;sábado;1.485.359
21/5/23;domingo;1.122.868
22/5/23;lunes;2.076.995
23/5/23;martes;2.162.488
24/5/23;miércoles;2.231.310
25/5/23;jueves;2.220.387
26/5/23;viernes;2.226.409
27/5/23;sábado;1.485.007
28/5/23;domingo;1.114.827
29/5/23;lunes;2.030.198
30/5/23;martes;2.143.713
31/5/23;miércoles;2.224.335
1/6/23;jueves;2.184.890
2/6/23;viernes;2.236.991
3/6/23;sábado;1.566.936
4/6/23;domingo;1.228.403
5/6/23;lunes;2.060.111
6/6/23;martes;2.166.539
7/6/23;miércoles;2.202.309
8/6/23;jueves;2.221.302
9/6/23;viernes;2.283.832
10/6/23;sábado;1.519.958
11/6/23;domingo;1.196.402
12/6/23;lunes;2.029.220
13/6/23;martes;2.119.024
14/6/23;miércoles;2.168.022
15/6/23;jueves;2.175.841
16/6/23;viernes;2.154.495
17/6/23;sábado;1.449.952
18/6/23;domingo;1.097.563
19/6/23;lunes;1.995.085
20/6/23;martes;2.099.487
21/6/23;miércoles;2.132.956
22/6/23;jueves;2.160.838
23/6/23;viernes;2.085.420
24/6/23;sábado;1.350.071
25/6/23;domingo;1.057.962
26/6/23;lunes;1.930.376
27/6/23;martes;1.988.658
28/6/23;miércoles;2.059.652
29/6/23;jueves;2.064.761
30/6/23;viernes;2.080.434
1/7/23;sábado;1.492.621
2/7/23;domingo;1.098.411
3/7/23;lunes;1.850.898
4/7/23;martes;1.907.155
5/7/23;miércoles;1.937.223
6/7/23;jueves;1.943.537
7/7/23;viernes;1.878.842
8/7/23;sábado;1.268.356
9/7/23;domingo;984.277
10/7/23;lunes;1.762.535
11/7/23;martes;1.818.676
12/7/23;miércoles;1.843.183
13/7/23;jueves;1.838.211
14/7/23;viernes;1.804.427
15/7/23;sábado;1.243.241
16/7/23;domingo;960.502
17/7/23;lunes;1.669.025
18/7/23;martes;1.754.997
19/7/23;miércoles;1.745.018
20/7/23;jueves;1.739.075
21/7/23;viernes;1.686.320
22/7/23;sábado;1.152.236
23/7/23;domingo;935.984
24/7/23;lunes;1.595.899
25/7/23;martes;1.651.766
26/7/23;miércoles;1.677.090
27/7/23;jueves;1.640.880
28/7/23;viernes;1.583.712
29/7/23;sábado;1.087.656
30/7/23;domingo;867.870
31/7/23;lunes;1.436.687
1/8/23;martes;1.417.900
2/8/23;miércoles;1.412.359
3/8/23;jueves;1.402.627
4/8/23;viernes;1.381.633
5/8/23;sábado;977.617
6/8/23;domingo;793.101
7/8/23;lunes;1.265.729
8/8/23;martes;1.291.204
9/8/23;miércoles;1.271.405
10/8/23;jueves;1.267.427
11/8/23;viernes;1.247.796
12/8/23;sábado;889.524
13/8/23;domingo;754.380
14/8/23;lunes;1.137.717
15/8/23;martes;810.744
16/8/23;miércoles;1.219.177
17/8/23;jueves;1.213.174
18/8/23;viernes;1.210.669
19/8/23;sábado;878.778
20/8/23;domingo;739.665
21/8/23;lunes;1.221.361
22/8/23;martes;1.244.390
23/8/23;miércoles;1.268.467
24/8/23;jueves;1.265.916
25/8/23;viernes;1.271.755
26/8/23;sábado;935.883
27/8/23;domingo;821.735
28/8/23;lunes;1.368.053
29/8/23;martes;1.450.578
30/8/23;miércoles;1.508.673
31/8/23;jueves;1.548.201
1/9/23;viernes;1.647.442
2/9/23;sábado;1.161.415
3/9/23;domingo;730.164
4/9/23;lunes;1.644.465
5/9/23;martes;1.879.932
6/9/23;miércoles;1.938.001
7/9/23;jueves;1.966.682
8/9/23;viernes;1.990.211
9/9/23;sábado;1.309.922
10/9/23;domingo;1.071.563
11/9/23;lunes;2.019.452
12/9/23;martes;2.082.566
13/9/23;miércoles;2.152.856
14/9/23;jueves;2.131.675
15/9/23;viernes;2.131.463
16/9/23;sábado;1.376.331
17/9/23;domingo;1.090.924
18/9/23;lunes;2.082.271
19/9/23;martes;2.180.588
20/9/23;miércoles;2.254.678
21/9/23;jueves;2.217.978
22/9/23;viernes;2.290.592
23/9/23;sábado;1.496.399
24/9/23;domingo;1.256.982
25/9/23;lunes;2.107.942
26/9/23;martes;2.197.540
27/9/23;miércoles;2.289.592
28/9/23;jueves;2.259.514
29/9/23;viernes;2.325.264
30/9/23;sábado;1.537.369
1/10/23;domingo;1.193.009
2/10/23;lunes;2.175.962
3/10/23;martes;2.307.348
4/10/23;miércoles;2.400.828
5/10/23;jueves;2.373.242
6/10/23;viernes;2.409.040
7/10/23;sábado;1.673.218
8/10/23;domingo;1.255.611
9/10/23;lunes;2.218.285
10/10/23;martes;2.322.792
11/10/23;miércoles;2.448.921
12/10/23;jueves;1.536.615
13/10/23;viernes;1.954.570
14/10/23;sábado;1.471.207
15/10/23;domingo;1.100.573
16/10/23;lunes;2.156.159
17/10/23;martes;2.262.592
18/10/23;miércoles;2.307.953
19/10/23;jueves;2.210.730
20/10/23;viernes;2.369.929
21/10/23;sábado;1.547.281
22/10/23;domingo;1.164.478
23/10/23;lunes;2.231.164
24/10/23;martes;2.320.055
25/10/23;miércoles;2.347.255
26/10/23;jueves;2.320.317
27/10/23;viernes;2.462.469
28/10/23;sábado;1.660.335
29/10/23;domingo;1.220.955
30/10/23;lunes;2.246.220
31/10/23;martes;2.560.399
1/11/23;miércoles;1.170.046
2/11/23;jueves;2.254.306
3/11/23;viernes;2.373.137
4/11/23;sábado;1.508.999
5/11/23;domingo;1.217.034
6/11/23;lunes;2.272.864
7/11/23;martes;2.414.631
8/11/23;miércoles;2.493.936
9/11/23;jueves;1.391.673
10/11/23;viernes;2.236.372
11/11/23;sábado;1.560.859
12/11/23;domingo;1.298.006
13/11/23;lunes;2.221.324
14/11/23;martes;2.323.616
15/11/23;miércoles;2.365.950
16/11/23;jueves;2.371.757
17/11/23;viernes;2.455.244
18/11/23;sábado;1.739.314
19/11/23;domingo;1.225.676
20/11/23;lunes;2.241.001
21/11/23;martes;2.355.780
22/11/23;miércoles;2.397.443
23/11/23;jueves;2.479.058
24/11/23;viernes;2.534.026
25/11/23;sábado;1.836.108
26/11/23;domingo;1.278.494
27/11/23;lunes;2.320.842
28/11/23;martes;2.387.645
29/11/23;miércoles;2.439.909
30/11/23;jueves;2.405.327
1/12/23;viernes;2.562.692
2/12/23;sábado;1.887.287
3/12/23;domingo;1.310.762
4/12/23;lunes;2.267.161
5/12/23;martes;2.447.870
6/12/23;miércoles;1.503.212
7/12/23;jueves;1.857.965
8/12/23;viernes;1.617.686
9/12/23;sábado;1.588.364
10/12/23;domingo;1.145.499
11/12/23;lunes;2.242.209
12/12/23;martes;2.370.074
13/12/23;miércoles;2.479.214
14/12/23;jueves;2.468.457
15/12/23;viernes;2.587.679
16/12/23;sábado;1.866.313
17/12/23;domingo;1.388.460
18/12/23;lunes;2.325.777
19/12/23;martes;2.424.413
20/12/23;miércoles;2.437.391
21/12/23;jueves;2.432.377
22/12/23;viernes;2.272.102
23/12/23;sábado;1.506.599
24/12/23;domingo;845.662
25/12/23;lunes;669.494
26/12/23;martes;1.782.567
27/12/23;miércoles;1.900.989
28/12/23;jueves;1.906.391
29/12/23;viernes;1.867.870
30/12/23;sábado;1.437.815
31/12/23;domingo;1.024.351
1/1/24;lunes;724.179
2/1/24;martes;1.723.388
3/1/24;miércoles;1.862.751
4/1/24;jueves;1.865.744
5/1/24;viernes;1.940.825
6/1/24;sábado;984.441
7/1/24;domingo;1.093.946
8/1/24;lunes;2.041.458
9/1/24;martes;2.124.018
10/1/24;miércoles;2.171.720
11/1/24;jueves;2.198.526
12/1/24;viernes;2.275.519
13/1/24;sábado;1.518.823
14/1/24;domingo;1.057.265
15/1/24;lunes;2.101.543
16/1/24;martes;2.187.259
17/1/24;miércoles;2.224.445
18/1/24;jueves;2.289.609
19/1/24;viernes;2.271.856
20/1/24;sábado;1.614.987
21/1/24;domingo;1.207.860
22/1/24;lunes;2.172.729
23/1/24;martes;2.269.893
24/1/24;miércoles;2.330.282
25/1/24;jueves;2.397.125
26/1/24;viernes;2.362.298
27/1/24;sábado;1.673.097
28/1/24;domingo;1.303.618
29/1/24;lunes;2.174.623
30/1/24;martes;2.326.674
31/1/24;miércoles;2.386.285
1/2/24;jueves;2.373.673
2/2/24;viernes;2.435.442
3/2/24;sábado;1.660.742
4/2/24;domingo;1.300.212
5/2/24;lunes;2.257.736
6/2/24;martes;2.355.884
7/2/24;miércoles;2.433.945
8/2/24;jueves;2.382.098
9/2/24;viernes;2.401.728
10/2/24;sábado;1.714.898
11/2/24;domingo;1.227.914
12/2/24;lunes;2.284.405
13/2/24;martes;2.365.280
14/2/24;miércoles;2.478.822
15/2/24;jueves;2.367.001
16/2/24;viernes;2.454.254
17/2/24;sábado;1.718.986
18/2/24;domingo;1.251.239
19/2/24;lunes;2.259.006
20/2/24;martes;2.362.038
21/2/24;miércoles;2.516.156
22/2/24;jueves;2.274.780
23/2/24;viernes;2.239.583
24/2/24;sábado;1.598.474
25/2/24;domingo;1.215.188
26/2/24;lunes;2.301.552
27/2/24;martes;2.379.233
28/2/24;miércoles;2.413.834
29/2/24;jueves;2.443.681
1/3/24;viernes;2.499.376
2/3/24;sábado;1.529.535
3/3/24;domingo;1.268.313
4/3/24;lunes;2.267.824
5/3/24;martes;2.385.148
6/3/24;miércoles;2.474.988
7/3/24;jueves;2.416.643
8/3/24;viernes;2.503.358
9/3/24;sábado;1.642.451
10/3/24;domingo;1.245.914
11/3/24;lunes;2.254.217
12/3/24;martes;2.364.834
13/3/24;miércoles;2.435.751
14/3/24;jueves;2.405.087
15/3/24;viernes;2.454.398
16/3/24;sábado;1.695.296
17/3/24;domingo;1.290.522
18/3/24;lunes;2.251.418
19/3/24;martes;2.333.536
20/3/24;miércoles;2.377.010
21/3/24;jueves;2.421.492
22/3/24;viernes;2.192.418
23/3/24;sábado;1.544.673
24/3/24;domingo;1.218.172
25/3/24;lunes;1.723.618
26/3/24;martes;1.837.898
27/3/24;miércoles;1.681.470
28/3/24;jueves;1.112.560
29/3/24;viernes;1.067.683
30/3/24;sábado;1.187.986
31/3/24;domingo;1.043.883
1/4/24;lunes;1.825.845
2/4/24;martes;2.275.089
3/4/24;miércoles;2.375.060
4/4/24;jueves;2.405.788
5/4/24;viernes;2.472.944
6/4/24;sábado;1.703.938
7/4/24;domingo;1.267.324
8/4/24;lunes;2.290.661
9/4/24;martes;2.448.572
10/4/24;miércoles;2.470.927
11/4/24;jueves;2.431.426
12/4/24;viernes;2.492.814
13/4/24;sábado;1.716.564
14/4/24;domingo;1.280.869
15/4/24;lunes;2.264.789
16/4/24;martes;2.367.763
17/4/24;miércoles;2.418.483
18/4/24;jueves;2.420.557
19/4/24;viernes;2.463.068
20/4/24;sábado;1.672.098
21/4/24;domingo;1.339.580
22/4/24;lunes;2.311.291
23/4/24;martes;2.419.797
24/4/24;miércoles;2.428.779
25/4/24;jueves;2.449.118
26/4/24;viernes;2.489.371
27/4/24;sábado;1.664.249
28/4/24;domingo;1.422.535
29/4/24;lunes;2.271.572
30/4/24;martes;2.401.874
1/5/24;miércoles;1.240.630
2/5/24;jueves;1.305.004
3/5/24;viernes;1.797.737
4/5/24;sábado;1.481.907
5/5/24;domingo;1.155.582
6/5/24;lunes;2.249.970
7/5/24;martes;2.370.281
8/5/24;miércoles;2.507.173
9/5/24;jueves;2.412.405
10/5/24;viernes;2.497.047
11/5/24;sábado;1.711.469
12/5/24;domingo;1.377.848
13/5/24;lunes;2.239.453
14/5/24;martes;2.509.185
15/5/24;miércoles;1.541.687
16/5/24;jueves;2.335.849
17/5/24;viernes;2.378.977
18/5/24;sábado;1.633.398
19/5/24;domingo;1.257.048
20/5/24;lunes;2.204.795
21/5/24;martes;2.310.070
22/5/24;miércoles;2.342.460
23/5/24;jueves;2.343.460
24/5/24;viernes;2.412.371
25/5/24;sábado;1.650.355
26/5/24;domingo;1.255.965
27/5/24;lunes;2.207.912
28/5/24;martes;2.309.454
29/5/24;miércoles;2.415.770
30/5/24;jueves;2.437.302
31/5/24;viernes;2.438.101
1/6/24;sábado;1.761.673
2/6/24;domingo;1.384.050
3/6/24;lunes;2.182.582
4/6/24;martes;2.292.745
5/6/24;miércoles;2.329.228
6/6/24;jueves;2.351.028
7/6/24;viernes;2.327.222
8/6/24;sábado;1.558.565
9/6/24;domingo;1.229.869
10/6/24;lunes;2.113.050
11/6/24;martes;2.275.110
12/6/24;miércoles;2.317.163
13/6/24;jueves;2.317.870
14/6/24;viernes;2.342.229
15/6/24;sábado;1.567.858
16/6/24;domingo;1.258.871
17/6/24;lunes;2.173.786
18/6/24;martes;2.235.446
19/6/24;miércoles;2.274.857
20/6/24;jueves;2.243.591
21/6/24;viernes;2.267.206
22/6/24;sábado;1.502.300
23/6/24;domingo;1.180.236
24/6/24;lunes;2.050.048
25/6/24;martes;2.141.018
26/6/24;miércoles;2.148.922
27/6/24;jueves;2.179.975
28/6/24;viernes;2.142.570
29/6/24;sábado;1.486.358
30/6/24;domingo;1.159.308
1/7/24;lunes;1.986.631
2/7/24;martes;2.059.374
3/7/24;miércoles;2.127.213
4/7/24;jueves;2.111.185
5/7/24;viernes;2.026.540
6/7/24;sábado;1.514.394
7/7/24;domingo;1.146.703
8/7/24;lunes;1.902.097
9/7/24;martes;1.987.153
10/7/24;miércoles;2.012.635
11/7/24;jueves;1.993.749
12/7/24;viernes;2.005.031
13/7/24;sábado;1.394.735
14/7/24;domingo;1.227.264
15/7/24;lunes;1.915.321
16/7/24;martes;1.950.631
17/7/24;miércoles;1.912.679
18/7/24;jueves;1.848.667
19/7/24;viernes;1.804.462
20/7/24;sábado;1.277.337
21/7/24;domingo;1.085.511
22/7/24;lunes;1.812.121
23/7/24;martes;1.853.498
24/7/24;miércoles;1.785.405
25/7/24;jueves;1.074.398
26/7/24;viernes;1.534.700
27/7/24;sábado;1.153.982
28/7/24;domingo;944.877
29/7/24;lunes;1.616.150
30/7/24;martes;1.689.064
31/7/24;miércoles;1.690.655
1/8/24;jueves;1.574.533
2/8/24;viernes;1.519.857
3/8/24;sábado;1.086.868
4/8/24;domingo;884.830
5/8/24;lunes;1.412.041
6/8/24;martes;1.437.138
7/8/24;miércoles;1.440.562
8/8/24;jueves;1.401.361
9/8/24;viernes;1.382.418
10/8/24;sábado;1.017.887
11/8/24;domingo;847.628
12/8/24;lunes;1.314.123
13/8/24;martes;1.338.635
14/8/24;miércoles;1.374.332
15/8/24;jueves;963.481
16/8/24;viernes;1.227.609
17/8/24;sábado;1.021.556
18/8/24;domingo;836.523
19/8/24;lunes;1.301.768
20/8/24;martes;1.352.807
21/8/24;miércoles;1.387.009
22/8/24;jueves;1.354.436
23/8/24;viernes;1.359.875
24/8/24;sábado;1.024.412
25/8/24;domingo;945.092
26/8/24;lunes;1.417.128
27/8/24;martes;1.489.023
28/8/24;miércoles;1.557.350
29/8/24;jueves;1.507.911
30/8/24;viernes;1.595.123
31/8/24;sábado;1.199.671
1/9/24;domingo;1.087.664
2/9/24;lunes;1.808.145
3/9/24;martes;1.933.075
4/9/24;miércoles;2.026.049
5/9/24;jueves;2.037.047
6/9/24;viernes;2.047.048
7/9/24;sábado;1.470.915
8/9/24;domingo;1.303.973
9/9/24;lunes;2.123.953
10/9/24;martes;2.265.168
11/9/24;miércoles;2.307.650
12/9/24;jueves;2.308.062
13/9/24;viernes;2.340.223
14/9/24;sábado;1.514.224
15/9/24;domingo;1.247.839
16/9/24;lunes;2.253.535
17/9/24;martes;2.399.362
18/9/24;miércoles;2.388.287
19/9/24;jueves;2.396.401
20/9/24;viernes;2.420.793
21/9/24;sábado;1.600.301
22/9/24;domingo;1.230.468
23/9/24;lunes;2.289.921
24/9/24;martes;2.413.210
25/9/24;miércoles;2.411.830
26/9/24;jueves;2.437.031
27/9/24;viernes;2.485.476
28/9/24;sábado;1.675.614
29/9/24;domingo;1.292.523
30/9/24;lunes;2.307.713
1/10/24;martes;2.428.829
2/10/24;miércoles;2.455.128
3/10/24;jueves;2.497.658
4/10/24;viernes;2.535.551
5/10/24;sábado;1.785.599
6/10/24;domingo;1.323.705
7/10/24;lunes;2.342.871
8/10/24;martes;2.457.555
9/10/24;miércoles;2.470.400
10/10/24;jueves;2.567.621
11/10/24;viernes;2.522.637
12/10/24;sábado;1.549.086
13/10/24;domingo;1.310.908
14/10/24;lunes;2.338.500
15/10/24;martes;2.431.619
16/10/24;miércoles;2.470.511
17/10/24;jueves;2.513.021
18/10/24;viernes;2.562.176
19/10/24;sábado;1.760.823
20/10/24;domingo;1.319.589
21/10/24;lunes;2.362.891
22/10/24;martes;2.514.082
23/10/24;miércoles;2.544.807
24/10/24;jueves;2.517.564
25/10/24;viernes;2.581.212
26/10/24;sábado;1.820.992
27/10/24;domingo;1.307.687
28/10/24;lunes;2.477.733
29/10/24;martes;2.480.424
30/10/24;miércoles;2.532.298
31/10/24;jueves;2.689.458